-- --------------------------------------------------------
-- Host:                         127.0.0.1
-- Versión del servidor:         10.4.14-MariaDB - mariadb.org binary distribution
-- SO del servidor:              Win64
-- HeidiSQL Versión:             11.0.0.5919
-- --------------------------------------------------------

/*!40101 SET @OLD_CHARACTER_SET_CLIENT=@@CHARACTER_SET_CLIENT */;
/*!40101 SET NAMES utf8 */;
/*!50503 SET NAMES utf8mb4 */;
/*!40014 SET @OLD_FOREIGN_KEY_CHECKS=@@FOREIGN_KEY_CHECKS, FOREIGN_KEY_CHECKS=0 */;
/*!40101 SET @OLD_SQL_MODE=@@SQL_MODE, SQL_MODE='NO_AUTO_VALUE_ON_ZERO' */;


-- Volcando estructura de base de datos para prueba
CREATE DATABASE IF NOT EXISTS `prueba` /*!40100 DEFAULT CHARACTER SET utf8mb4 */;
USE `prueba`;

-- Volcando estructura para tabla prueba.admins
CREATE TABLE IF NOT EXISTS `admins` (
  `id` bigint(20) unsigned NOT NULL AUTO_INCREMENT,
  `created_at` timestamp NULL DEFAULT NULL,
  `updated_at` timestamp NULL DEFAULT NULL,
  PRIMARY KEY (`id`)
) ENGINE=InnoDB DEFAULT CHARSET=utf8mb4 COLLATE=utf8mb4_unicode_ci;

-- Volcando datos para la tabla prueba.admins: ~0 rows (aproximadamente)
DELETE FROM `admins`;
/*!40000 ALTER TABLE `admins` DISABLE KEYS */;
/*!40000 ALTER TABLE `admins` ENABLE KEYS */;

-- Volcando estructura para tabla prueba.bodegas
CREATE TABLE IF NOT EXISTS `bodegas` (
  `id` bigint(20) unsigned NOT NULL AUTO_INCREMENT,
  `nombre` varchar(191) COLLATE utf8mb4_unicode_ci NOT NULL,
  `descripcion` varchar(191) COLLATE utf8mb4_unicode_ci DEFAULT NULL,
  `cantidad` int(11) NOT NULL,
  `precio` int(11) NOT NULL,
  `codigo` int(11) NOT NULL,
  `fecha_garantia` int(11) NOT NULL,
  `created_at` timestamp NULL DEFAULT NULL,
  `updated_at` timestamp NULL DEFAULT NULL,
  PRIMARY KEY (`id`)
) ENGINE=InnoDB DEFAULT CHARSET=utf8mb4 COLLATE=utf8mb4_unicode_ci;

-- Volcando datos para la tabla prueba.bodegas: ~0 rows (aproximadamente)
DELETE FROM `bodegas`;
/*!40000 ALTER TABLE `bodegas` DISABLE KEYS */;
/*!40000 ALTER TABLE `bodegas` ENABLE KEYS */;

-- Volcando estructura para tabla prueba.departamentos
CREATE TABLE IF NOT EXISTS `departamentos` (
  `id_departamentos` int(11) NOT NULL AUTO_INCREMENT,
  `nombre_departamentos` varchar(255) NOT NULL,
  `codigo_departamentos` int(20) NOT NULL,
  `region_departamentos` varchar(255) NOT NULL,
  PRIMARY KEY (`id_departamentos`) USING BTREE
) ENGINE=InnoDB AUTO_INCREMENT=34 DEFAULT CHARSET=utf8;

-- Volcando datos para la tabla prueba.departamentos: ~33 rows (aproximadamente)
DELETE FROM `departamentos`;
/*!40000 ALTER TABLE `departamentos` DISABLE KEYS */;
INSERT INTO `departamentos` (`id_departamentos`, `nombre_departamentos`, `codigo_departamentos`, `region_departamentos`) VALUES
	(1, 'Antioquia', 5, 'Región Eje Cafetero - Antioquia'),
	(2, 'Atlántico', 8, 'Región Caribe'),
	(3, 'Bogotá D.C.', 11, 'Región Centro Oriente'),
	(4, 'Bolívar', 13, 'Región Caribe'),
	(5, 'Boyacá', 15, 'Región Centro Oriente'),
	(6, 'Caldas', 17, 'Región Eje Cafetero - Antioquia'),
	(7, 'Caquetá', 18, 'Región Centro Sur'),
	(8, 'Cauca', 19, 'Región Pacífico'),
	(9, 'Cesar', 20, 'Región Caribe'),
	(10, 'Córdoba', 23, 'Región Caribe'),
	(11, 'Cundinamarca', 25, 'Región Centro Oriente'),
	(12, 'Chocó', 27, 'Región Pacífico'),
	(13, 'Huila', 41, 'Región Centro Sur'),
	(14, 'La Guajira', 44, 'Región Caribe'),
	(15, 'Magdalena', 47, 'Región Caribe'),
	(16, 'Meta', 50, 'Región Llano'),
	(17, 'Nariño', 52, 'Región Pacífico'),
	(18, 'Norte de Santander', 54, 'Región Centro Oriente'),
	(19, 'Quindío', 63, 'Región Eje Cafetero - Antioquia'),
	(20, 'Risaralda', 66, 'Región Eje Cafetero - Antioquia'),
	(21, 'Santander', 68, 'Región Centro Oriente'),
	(22, 'Sucre', 70, 'Región Caribe'),
	(23, 'Tolima', 73, 'Región Centro Sur'),
	(24, 'Valle del Cauca', 76, 'Región Pacífico'),
	(25, 'Arauca', 81, 'Región Llano'),
	(26, 'Casanare', 85, 'Región Llano'),
	(27, 'Putumayo', 86, 'Región Centro Sur'),
	(28, 'Archipiélago de San Andrés, Providencia y Santa Catalina', 88, 'Región Caribe'),
	(29, 'Amazonas', 91, 'Región Centro Sur'),
	(30, 'Guainía', 94, 'Región Llano'),
	(31, 'Guaviare', 95, 'Región Llano'),
	(32, 'Vaupés', 97, 'Región Llano'),
	(33, 'Vichada', 99, 'Región Llano');
/*!40000 ALTER TABLE `departamentos` ENABLE KEYS */;

-- Volcando estructura para tabla prueba.empresas
CREATE TABLE IF NOT EXISTS `empresas` (
  `id` bigint(20) unsigned NOT NULL AUTO_INCREMENT,
  `name` varchar(191) COLLATE utf8mb4_unicode_ci NOT NULL,
  `telefono` varchar(191) COLLATE utf8mb4_unicode_ci NOT NULL,
  `email` varchar(191) COLLATE utf8mb4_unicode_ci NOT NULL,
  `direccion` varchar(191) COLLATE utf8mb4_unicode_ci NOT NULL,
  `ciudad` varchar(191) COLLATE utf8mb4_unicode_ci NOT NULL,
  `password` varchar(191) COLLATE utf8mb4_unicode_ci NOT NULL,
  `created_at` timestamp NULL DEFAULT NULL,
  `updated_at` timestamp NULL DEFAULT NULL,
  PRIMARY KEY (`id`)
) ENGINE=InnoDB DEFAULT CHARSET=utf8mb4 COLLATE=utf8mb4_unicode_ci;

-- Volcando datos para la tabla prueba.empresas: ~0 rows (aproximadamente)
DELETE FROM `empresas`;
/*!40000 ALTER TABLE `empresas` DISABLE KEYS */;
/*!40000 ALTER TABLE `empresas` ENABLE KEYS */;

-- Volcando estructura para tabla prueba.facturas
CREATE TABLE IF NOT EXISTS `facturas` (
  `id` bigint(20) unsigned NOT NULL AUTO_INCREMENT,
  `cedula_cliente` int(11) DEFAULT NULL,
  `nombre_cliente` varchar(191) COLLATE utf8mb4_unicode_ci DEFAULT NULL,
  `telefono` int(11) DEFAULT NULL,
  `fecha_facturacion` timestamp NOT NULL DEFAULT current_timestamp() ON UPDATE current_timestamp(),
  `iva` int(11) NOT NULL,
  `total_iva` int(11) NOT NULL,
  `precio_producto` int(11) NOT NULL,
  `total_venta` int(11) NOT NULL,
  `descripcion_venta` varchar(191) COLLATE utf8mb4_unicode_ci NOT NULL,
  `id_empresa` bigint(20) unsigned NOT NULL,
  `id_municipio` bigint(20) unsigned NOT NULL,
  `id_departamento` int(10) unsigned NOT NULL,
  `id_usuario` bigint(20) unsigned NOT NULL,
  `id_venta` bigint(20) unsigned NOT NULL,
  `id_sucursal` bigint(20) unsigned NOT NULL,
  PRIMARY KEY (`id`),
  KEY `facturas_id_empresa_foreign` (`id_empresa`),
  KEY `facturas_id_municipio_foreign` (`id_municipio`),
  KEY `facturas_id_departamento_foreign` (`id_departamento`),
  KEY `facturas_id_usuario_foreign` (`id_usuario`),
  KEY `facturas_id_venta_foreign` (`id_venta`),
  KEY `facturas_id_sucursal_foreign` (`id_sucursal`),
  CONSTRAINT `facturas_id_empresa_foreign` FOREIGN KEY (`id_empresa`) REFERENCES `empresas` (`id`),
  CONSTRAINT `facturas_id_sucursal_foreign` FOREIGN KEY (`id_sucursal`) REFERENCES `sucursales` (`id`),
  CONSTRAINT `facturas_id_usuario_foreign` FOREIGN KEY (`id_usuario`) REFERENCES `usuarios` (`id`),
  CONSTRAINT `facturas_id_venta_foreign` FOREIGN KEY (`id_venta`) REFERENCES `ventas` (`id`)
) ENGINE=InnoDB DEFAULT CHARSET=utf8mb4 COLLATE=utf8mb4_unicode_ci;

-- Volcando datos para la tabla prueba.facturas: ~0 rows (aproximadamente)
DELETE FROM `facturas`;
/*!40000 ALTER TABLE `facturas` DISABLE KEYS */;
/*!40000 ALTER TABLE `facturas` ENABLE KEYS */;

-- Volcando estructura para tabla prueba.facturas_productos
CREATE TABLE IF NOT EXISTS `facturas_productos` (
  `id_producto` bigint(20) unsigned NOT NULL,
  `id_factura` bigint(20) unsigned NOT NULL,
  `nombre_producto` varchar(191) COLLATE utf8mb4_unicode_ci DEFAULT NULL,
  `cantidad_productos` int(11) DEFAULT NULL,
  `created_at` timestamp NULL DEFAULT NULL,
  `updated_at` timestamp NULL DEFAULT NULL,
  KEY `facturas_productos_id_producto_foreign` (`id_producto`),
  KEY `facturas_productos_id_factura_foreign` (`id_factura`),
  CONSTRAINT `facturas_productos_id_factura_foreign` FOREIGN KEY (`id_factura`) REFERENCES `facturas` (`id`),
  CONSTRAINT `facturas_productos_id_producto_foreign` FOREIGN KEY (`id_producto`) REFERENCES `productos` (`id`)
) ENGINE=InnoDB DEFAULT CHARSET=utf8mb4 COLLATE=utf8mb4_unicode_ci;

-- Volcando datos para la tabla prueba.facturas_productos: ~0 rows (aproximadamente)
DELETE FROM `facturas_productos`;
/*!40000 ALTER TABLE `facturas_productos` DISABLE KEYS */;
/*!40000 ALTER TABLE `facturas_productos` ENABLE KEYS */;

-- Volcando estructura para tabla prueba.failed_jobs
CREATE TABLE IF NOT EXISTS `failed_jobs` (
  `id` bigint(20) unsigned NOT NULL AUTO_INCREMENT,
  `uuid` varchar(191) COLLATE utf8mb4_unicode_ci NOT NULL,
  `connection` text COLLATE utf8mb4_unicode_ci NOT NULL,
  `queue` text COLLATE utf8mb4_unicode_ci NOT NULL,
  `payload` longtext COLLATE utf8mb4_unicode_ci NOT NULL,
  `exception` longtext COLLATE utf8mb4_unicode_ci NOT NULL,
  `failed_at` timestamp NOT NULL DEFAULT current_timestamp(),
  PRIMARY KEY (`id`),
  UNIQUE KEY `failed_jobs_uuid_unique` (`uuid`)
) ENGINE=InnoDB DEFAULT CHARSET=utf8mb4 COLLATE=utf8mb4_unicode_ci;

-- Volcando datos para la tabla prueba.failed_jobs: ~0 rows (aproximadamente)
DELETE FROM `failed_jobs`;
/*!40000 ALTER TABLE `failed_jobs` DISABLE KEYS */;
/*!40000 ALTER TABLE `failed_jobs` ENABLE KEYS */;

-- Volcando estructura para tabla prueba.iva
CREATE TABLE IF NOT EXISTS `iva` (
  `id` bigint(20) unsigned NOT NULL AUTO_INCREMENT,
  `precio_iva` int(11) NOT NULL,
  `created_at` timestamp NULL DEFAULT NULL,
  `updated_at` timestamp NULL DEFAULT NULL,
  PRIMARY KEY (`id`)
) ENGINE=InnoDB DEFAULT CHARSET=utf8mb4 COLLATE=utf8mb4_unicode_ci;

-- Volcando datos para la tabla prueba.iva: ~0 rows (aproximadamente)
DELETE FROM `iva`;
/*!40000 ALTER TABLE `iva` DISABLE KEYS */;
/*!40000 ALTER TABLE `iva` ENABLE KEYS */;

-- Volcando estructura para tabla prueba.migrations
CREATE TABLE IF NOT EXISTS `migrations` (
  `id` int(10) unsigned NOT NULL AUTO_INCREMENT,
  `migration` varchar(191) COLLATE utf8mb4_unicode_ci NOT NULL,
  `batch` int(11) NOT NULL,
  PRIMARY KEY (`id`)
) ENGINE=InnoDB AUTO_INCREMENT=19 DEFAULT CHARSET=utf8mb4 COLLATE=utf8mb4_unicode_ci;

-- Volcando datos para la tabla prueba.migrations: ~18 rows (aproximadamente)
DELETE FROM `migrations`;
/*!40000 ALTER TABLE `migrations` DISABLE KEYS */;
INSERT INTO `migrations` (`id`, `migration`, `batch`) VALUES
	(1, '2014_10_12_100000_create_password_resets_table', 1),
	(2, '2019_08_19_000000_create_failed_jobs_table', 1),
	(3, '2020_10_13_151313_create_usuarios_table', 1),
	(4, '2020_10_13_151315_create_roles_table', 1),
	(5, '2020_10_13_183442_create_admins_table', 1),
	(6, '2020_10_14_110850_create_empresas_table', 1),
	(7, '2020_10_14_110856_create_users_table', 1),
	(8, '2020_10_14_111251_create_departamentos_table', 1),
	(9, '2020_10_14_111317_create_iva_table', 1),
	(10, '2020_10_14_124149_create_municipios_table', 1),
	(11, '2020_10_14_132342_create_sucursales_table', 1),
	(12, '2020_10_14_165233_create_proveedores_table', 1),
	(13, '2020_10_14_165247_create_bodegas_table', 1),
	(14, '2020_10_14_165249_create_productos_table', 1),
	(15, '2020_10_14_165258_create_ventas_table', 1),
	(16, '2020_10_14_165309_create_facturas_table', 1),
	(17, '2020_10_14_165320_create_facturas_productos_table', 1),
	(18, '2020_10_15_161537_create_solicitar_table', 1);
/*!40000 ALTER TABLE `migrations` ENABLE KEYS */;

-- Volcando estructura para tabla prueba.municipios
CREATE TABLE IF NOT EXISTS `municipios` (
  `id_municipios` int(11) NOT NULL AUTO_INCREMENT,
  `departamento_id` int(11) NOT NULL,
  `codigo_departamento_dane` int(11) NOT NULL,
  `codigo_municipios` int(11) NOT NULL,
  `nombre_municipios` varchar(255) NOT NULL,
  `region_municipios` varchar(255) NOT NULL,
  PRIMARY KEY (`id_municipios`) USING BTREE,
  KEY `FK_municipios_departamentos` (`departamento_id`),
  CONSTRAINT `FK_municipios_departamentos` FOREIGN KEY (`departamento_id`) REFERENCES `departamentos` (`id_departamentos`) ON DELETE CASCADE ON UPDATE CASCADE
) ENGINE=InnoDB AUTO_INCREMENT=1124 DEFAULT CHARSET=utf8;

-- Volcando datos para la tabla prueba.municipios: ~1.123 rows (aproximadamente)
DELETE FROM `municipios`;
/*!40000 ALTER TABLE `municipios` DISABLE KEYS */;
INSERT INTO `municipios` (`id_municipios`, `departamento_id`, `codigo_departamento_dane`, `codigo_municipios`, `nombre_municipios`, `region_municipios`) VALUES
	(1, 1, 5, 5, 'Abejorral', 'Región Eje Cafetero - Antioquia'),
	(2, 1, 5, 5, 'Abriaquí', 'Región Eje Cafetero - Antioquia'),
	(3, 1, 5, 5, 'Alejandría', 'Región Eje Cafetero - Antioquia'),
	(4, 1, 5, 5, 'Amagá', 'Región Eje Cafetero - Antioquia'),
	(5, 1, 5, 5, 'Amalfi', 'Región Eje Cafetero - Antioquia'),
	(6, 1, 5, 5, 'Andes', 'Región Eje Cafetero - Antioquia'),
	(7, 1, 5, 5, 'Angelópolis', 'Región Eje Cafetero - Antioquia'),
	(8, 1, 5, 5, 'Angostura', 'Región Eje Cafetero - Antioquia'),
	(9, 1, 5, 5, 'Anorí', 'Región Eje Cafetero - Antioquia'),
	(10, 1, 5, 5, 'Anza', 'Región Eje Cafetero - Antioquia'),
	(11, 1, 5, 5, 'Apartadó', 'Región Eje Cafetero - Antioquia'),
	(12, 1, 5, 5, 'Arboletes', 'Región Eje Cafetero - Antioquia'),
	(13, 1, 5, 5, 'Argelia', 'Región Eje Cafetero - Antioquia'),
	(14, 1, 5, 5, 'Armenia', 'Región Eje Cafetero - Antioquia'),
	(15, 1, 5, 5, 'Barbosa', 'Región Eje Cafetero - Antioquia'),
	(16, 1, 5, 5, 'Bello', 'Región Eje Cafetero - Antioquia'),
	(17, 1, 5, 5, 'Belmira', 'Región Eje Cafetero - Antioquia'),
	(18, 1, 5, 5, 'Betania', 'Región Eje Cafetero - Antioquia'),
	(19, 1, 5, 5, 'Betulia', 'Región Eje Cafetero - Antioquia'),
	(20, 1, 5, 5, 'Briceño', 'Región Eje Cafetero - Antioquia'),
	(21, 1, 5, 5, 'Buriticá', 'Región Eje Cafetero - Antioquia'),
	(22, 1, 5, 5, 'Cáceres', 'Región Eje Cafetero - Antioquia'),
	(23, 1, 5, 5, 'Caicedo', 'Región Eje Cafetero - Antioquia'),
	(24, 1, 5, 5, 'Caldas', 'Región Eje Cafetero - Antioquia'),
	(25, 1, 5, 5, 'Campamento', 'Región Eje Cafetero - Antioquia'),
	(26, 1, 5, 5, 'Cañasgordas', 'Región Eje Cafetero - Antioquia'),
	(27, 1, 5, 5, 'Caracolí', 'Región Eje Cafetero - Antioquia'),
	(28, 1, 5, 5, 'Caramanta', 'Región Eje Cafetero - Antioquia'),
	(29, 1, 5, 5, 'Carepa', 'Región Eje Cafetero - Antioquia'),
	(30, 1, 5, 5, 'Carolina', 'Región Eje Cafetero - Antioquia'),
	(31, 1, 5, 5, 'Caucasia', 'Región Eje Cafetero - Antioquia'),
	(32, 1, 5, 5, 'Chigorodó', 'Región Eje Cafetero - Antioquia'),
	(33, 1, 5, 5, 'Cisneros', 'Región Eje Cafetero - Antioquia'),
	(34, 1, 5, 5, 'Ciudad Bolívar', 'Región Eje Cafetero - Antioquia'),
	(35, 1, 5, 5, 'Cocorná', 'Región Eje Cafetero - Antioquia'),
	(36, 1, 5, 5, 'Concepción', 'Región Eje Cafetero - Antioquia'),
	(37, 1, 5, 5, 'Concordia', 'Región Eje Cafetero - Antioquia'),
	(38, 1, 5, 5, 'Copacabana', 'Región Eje Cafetero - Antioquia'),
	(39, 1, 5, 5, 'Dabeiba', 'Región Eje Cafetero - Antioquia'),
	(40, 1, 5, 5, 'Don Matías', 'Región Eje Cafetero - Antioquia'),
	(41, 1, 5, 5, 'Ebéjico', 'Región Eje Cafetero - Antioquia'),
	(42, 1, 5, 5, 'El Bagre', 'Región Eje Cafetero - Antioquia'),
	(43, 1, 5, 5, 'El Carmen de Viboral', 'Región Eje Cafetero - Antioquia'),
	(44, 1, 5, 5, 'El Santuario', 'Región Eje Cafetero - Antioquia'),
	(45, 1, 5, 5, 'Entrerrios', 'Región Eje Cafetero - Antioquia'),
	(46, 1, 5, 5, 'Envigado', 'Región Eje Cafetero - Antioquia'),
	(47, 1, 5, 5, 'Fredonia', 'Región Eje Cafetero - Antioquia'),
	(48, 1, 5, 5, 'Frontino', 'Región Eje Cafetero - Antioquia'),
	(49, 1, 5, 5, 'Giraldo', 'Región Eje Cafetero - Antioquia'),
	(50, 1, 5, 5, 'Girardota', 'Región Eje Cafetero - Antioquia'),
	(51, 1, 5, 5, 'Gómez Plata', 'Región Eje Cafetero - Antioquia'),
	(52, 1, 5, 5, 'Granada', 'Región Eje Cafetero - Antioquia'),
	(53, 1, 5, 5, 'Guadalupe', 'Región Eje Cafetero - Antioquia'),
	(54, 1, 5, 5, 'Guarne', 'Región Eje Cafetero - Antioquia'),
	(55, 1, 5, 5, 'Guatapé', 'Región Eje Cafetero - Antioquia'),
	(56, 1, 5, 5, 'Heliconia', 'Región Eje Cafetero - Antioquia'),
	(57, 1, 5, 5, 'Hispania', 'Región Eje Cafetero - Antioquia'),
	(58, 1, 5, 5, 'Itagui', 'Región Eje Cafetero - Antioquia'),
	(59, 1, 5, 5, 'Ituango', 'Región Eje Cafetero - Antioquia'),
	(60, 1, 5, 5, 'Jardín', 'Región Eje Cafetero - Antioquia'),
	(61, 1, 5, 5, 'Jericó', 'Región Eje Cafetero - Antioquia'),
	(62, 1, 5, 5, 'La Ceja', 'Región Eje Cafetero - Antioquia'),
	(63, 1, 5, 5, 'La Estrella', 'Región Eje Cafetero - Antioquia'),
	(64, 1, 5, 5, 'La Pintada', 'Región Eje Cafetero - Antioquia'),
	(65, 1, 5, 5, 'La Unión', 'Región Eje Cafetero - Antioquia'),
	(66, 1, 5, 5, 'Liborina', 'Región Eje Cafetero - Antioquia'),
	(67, 1, 5, 5, 'Maceo', 'Región Eje Cafetero - Antioquia'),
	(68, 1, 5, 5, 'Marinilla', 'Región Eje Cafetero - Antioquia'),
	(69, 1, 5, 5, 'Medellín', 'Región Eje Cafetero - Antioquia'),
	(70, 1, 5, 5, 'Montebello', 'Región Eje Cafetero - Antioquia'),
	(71, 1, 5, 5, 'Murindó', 'Región Eje Cafetero - Antioquia'),
	(72, 1, 5, 5, 'Mutatá', 'Región Eje Cafetero - Antioquia'),
	(73, 1, 5, 5, 'Nariño', 'Región Eje Cafetero - Antioquia'),
	(74, 1, 5, 5, 'Nechí', 'Región Eje Cafetero - Antioquia'),
	(75, 1, 5, 5, 'Necoclí', 'Región Eje Cafetero - Antioquia'),
	(76, 1, 5, 5, 'Olaya', 'Región Eje Cafetero - Antioquia'),
	(77, 1, 5, 5, 'Peñol', 'Región Eje Cafetero - Antioquia'),
	(78, 1, 5, 5, 'Peque', 'Región Eje Cafetero - Antioquia'),
	(79, 1, 5, 5, 'Pueblorrico', 'Región Eje Cafetero - Antioquia'),
	(80, 1, 5, 5, 'Puerto Berrío', 'Región Eje Cafetero - Antioquia'),
	(81, 1, 5, 5, 'Puerto Nare', 'Región Eje Cafetero - Antioquia'),
	(82, 1, 5, 5, 'Puerto Triunfo', 'Región Eje Cafetero - Antioquia'),
	(83, 1, 5, 5, 'Remedios', 'Región Eje Cafetero - Antioquia'),
	(84, 1, 5, 5, 'Retiro', 'Región Eje Cafetero - Antioquia'),
	(85, 1, 5, 5, 'Rionegro', 'Región Eje Cafetero - Antioquia'),
	(86, 1, 5, 5, 'Sabanalarga', 'Región Eje Cafetero - Antioquia'),
	(87, 1, 5, 5, 'Sabaneta', 'Región Eje Cafetero - Antioquia'),
	(88, 1, 5, 5, 'Salgar', 'Región Eje Cafetero - Antioquia'),
	(89, 1, 5, 5, 'San Andrés de Cuerquía', 'Región Eje Cafetero - Antioquia'),
	(90, 1, 5, 5, 'San Carlos', 'Región Eje Cafetero - Antioquia'),
	(91, 1, 5, 5, 'San Francisco', 'Región Eje Cafetero - Antioquia'),
	(92, 1, 5, 5, 'San Jerónimo', 'Región Eje Cafetero - Antioquia'),
	(93, 1, 5, 5, 'San José de La Montaña', 'Región Eje Cafetero - Antioquia'),
	(94, 1, 5, 5, 'San Juan de Urabá', 'Región Eje Cafetero - Antioquia'),
	(95, 1, 5, 5, 'San Luis', 'Región Eje Cafetero - Antioquia'),
	(96, 1, 5, 5, 'San Pedro', 'Región Eje Cafetero - Antioquia'),
	(97, 1, 5, 5, 'San Pedro de Uraba', 'Región Eje Cafetero - Antioquia'),
	(98, 1, 5, 5, 'San Rafael', 'Región Eje Cafetero - Antioquia'),
	(99, 1, 5, 5, 'San Roque', 'Región Eje Cafetero - Antioquia'),
	(100, 1, 5, 5, 'San Vicente', 'Región Eje Cafetero - Antioquia'),
	(101, 1, 5, 5, 'Santa Bárbara', 'Región Eje Cafetero - Antioquia'),
	(102, 1, 5, 5, 'Santa Rosa de Osos', 'Región Eje Cafetero - Antioquia'),
	(103, 1, 5, 5, 'Santafé de Antioquia', 'Región Eje Cafetero - Antioquia'),
	(104, 1, 5, 5, 'Santo Domingo', 'Región Eje Cafetero - Antioquia'),
	(105, 1, 5, 5, 'Segovia', 'Región Eje Cafetero - Antioquia'),
	(106, 1, 5, 5, 'Sonsón', 'Región Eje Cafetero - Antioquia'),
	(107, 1, 5, 5, 'Sopetrán', 'Región Eje Cafetero - Antioquia'),
	(108, 1, 5, 5, 'Támesis', 'Región Eje Cafetero - Antioquia'),
	(109, 1, 5, 5, 'Tarazá', 'Región Eje Cafetero - Antioquia'),
	(110, 1, 5, 5, 'Tarso', 'Región Eje Cafetero - Antioquia'),
	(111, 1, 5, 5, 'Titiribí', 'Región Eje Cafetero - Antioquia'),
	(112, 1, 5, 5, 'Toledo', 'Región Eje Cafetero - Antioquia'),
	(113, 1, 5, 5, 'Turbo', 'Región Eje Cafetero - Antioquia'),
	(114, 1, 5, 5, 'Uramita', 'Región Eje Cafetero - Antioquia'),
	(115, 1, 5, 5, 'Urrao', 'Región Eje Cafetero - Antioquia'),
	(116, 1, 5, 5, 'Valdivia', 'Región Eje Cafetero - Antioquia'),
	(117, 1, 5, 5, 'Valparaíso', 'Región Eje Cafetero - Antioquia'),
	(118, 1, 5, 5, 'Vegachí', 'Región Eje Cafetero - Antioquia'),
	(119, 1, 5, 5, 'Venecia', 'Región Eje Cafetero - Antioquia'),
	(120, 1, 5, 5, 'Vigía del Fuerte', 'Región Eje Cafetero - Antioquia'),
	(121, 1, 5, 5, 'Yalí', 'Región Eje Cafetero - Antioquia'),
	(122, 1, 5, 5, 'Yarumal', 'Región Eje Cafetero - Antioquia'),
	(123, 1, 5, 5, 'Yolombó', 'Región Eje Cafetero - Antioquia'),
	(124, 1, 5, 5, 'Yondó', 'Región Eje Cafetero - Antioquia'),
	(125, 1, 5, 5, 'Zaragoza', 'Región Eje Cafetero - Antioquia'),
	(126, 2, 8, 8, 'Baranoa', 'Región Caribe'),
	(127, 2, 8, 8, 'Barranquilla', 'Región Caribe'),
	(128, 2, 8, 8, 'Campo de La Cruz', 'Región Caribe'),
	(129, 2, 8, 8, 'Candelaria', 'Región Caribe'),
	(130, 2, 8, 8, 'Galapa', 'Región Caribe'),
	(131, 2, 8, 8, 'Juan de Acosta', 'Región Caribe'),
	(132, 2, 8, 8, 'Luruaco', 'Región Caribe'),
	(133, 2, 8, 8, 'Malambo', 'Región Caribe'),
	(134, 2, 8, 8, 'Manatí', 'Región Caribe'),
	(135, 2, 8, 8, 'Palmar de Varela', 'Región Caribe'),
	(136, 2, 8, 8, 'Piojó', 'Región Caribe'),
	(137, 2, 8, 8, 'Polonuevo', 'Región Caribe'),
	(138, 2, 8, 8, 'Ponedera', 'Región Caribe'),
	(139, 2, 8, 8, 'Puerto Colombia', 'Región Caribe'),
	(140, 2, 8, 8, 'Repelón', 'Región Caribe'),
	(141, 2, 8, 8, 'Sabanagrande', 'Región Caribe'),
	(142, 2, 8, 8, 'Sabanalarga', 'Región Caribe'),
	(143, 2, 8, 8, 'Santa Lucía', 'Región Caribe'),
	(144, 2, 8, 8, 'Santo Tomás', 'Región Caribe'),
	(145, 2, 8, 8, 'Soledad', 'Región Caribe'),
	(146, 2, 8, 8, 'Suan', 'Región Caribe'),
	(147, 2, 8, 8, 'Tubará', 'Región Caribe'),
	(148, 2, 8, 8, 'Usiacurí', 'Región Caribe'),
	(149, 3, 11, 11, 'Bogotá D.C.', 'Región Centro Oriente'),
	(150, 4, 13, 13, 'Achí', 'Región Caribe'),
	(151, 4, 13, 13, 'Altos del Rosario', 'Región Caribe'),
	(152, 4, 13, 13, 'Arenal', 'Región Caribe'),
	(153, 4, 13, 13, 'Arjona', 'Región Caribe'),
	(154, 4, 13, 13, 'Arroyohondo', 'Región Caribe'),
	(155, 4, 13, 13, 'Barranco de Loba', 'Región Caribe'),
	(156, 4, 13, 13, 'Calamar', 'Región Caribe'),
	(157, 4, 13, 13, 'Cantagallo', 'Región Caribe'),
	(158, 4, 13, 13, 'Cartagena', 'Región Caribe'),
	(159, 4, 13, 13, 'Cicuco', 'Región Caribe'),
	(160, 4, 13, 13, 'Clemencia', 'Región Caribe'),
	(161, 4, 13, 13, 'Córdoba', 'Región Caribe'),
	(162, 4, 13, 13, 'El Carmen de Bolívar', 'Región Caribe'),
	(163, 4, 13, 13, 'El Guamo', 'Región Caribe'),
	(164, 4, 13, 13, 'El Peñón', 'Región Caribe'),
	(165, 4, 13, 13, 'Hatillo de Loba', 'Región Caribe'),
	(166, 4, 13, 13, 'Magangué', 'Región Caribe'),
	(167, 4, 13, 13, 'Mahates', 'Región Caribe'),
	(168, 4, 13, 13, 'Margarita', 'Región Caribe'),
	(169, 4, 13, 13, 'María la Baja', 'Región Caribe'),
	(170, 4, 13, 13, 'Mompós', 'Región Caribe'),
	(171, 4, 13, 13, 'Montecristo', 'Región Caribe'),
	(172, 4, 13, 13, 'Morales', 'Región Caribe'),
	(173, 4, 13, 13, 'Norosí', 'Región Caribe'),
	(174, 4, 13, 13, 'Pinillos', 'Región Caribe'),
	(175, 4, 13, 13, 'Regidor', 'Región Caribe'),
	(176, 4, 13, 13, 'Río Viejo', 'Región Caribe'),
	(177, 4, 13, 13, 'San Cristóbal', 'Región Caribe'),
	(178, 4, 13, 13, 'San Estanislao', 'Región Caribe'),
	(179, 4, 13, 13, 'San Fernando', 'Región Caribe'),
	(180, 4, 13, 13, 'San Jacinto', 'Región Caribe'),
	(181, 4, 13, 13, 'San Jacinto del Cauca', 'Región Caribe'),
	(182, 4, 13, 13, 'San Juan Nepomuceno', 'Región Caribe'),
	(183, 4, 13, 13, 'San Martín de Loba', 'Región Caribe'),
	(184, 4, 13, 13, 'San Pablo de Borbur', 'Región Caribe'),
	(185, 4, 13, 13, 'Santa Catalina', 'Región Caribe'),
	(186, 4, 13, 13, 'Santa Rosa', 'Región Caribe'),
	(187, 4, 13, 13, 'Santa Rosa del Sur', 'Región Caribe'),
	(188, 4, 13, 13, 'Simití', 'Región Caribe'),
	(189, 4, 13, 13, 'Soplaviento', 'Región Caribe'),
	(190, 4, 13, 13, 'Talaigua Nuevo', 'Región Caribe'),
	(191, 4, 13, 13, 'Tiquisio', 'Región Caribe'),
	(192, 4, 13, 13, 'Turbaco', 'Región Caribe'),
	(193, 4, 13, 13, 'Turbaná', 'Región Caribe'),
	(194, 4, 13, 13, 'Villanueva', 'Región Caribe'),
	(195, 4, 13, 13, 'Zambrano', 'Región Caribe'),
	(196, 5, 15, 15, 'Almeida', 'Región Centro Oriente'),
	(197, 5, 15, 15, 'Aquitania', 'Región Centro Oriente'),
	(198, 5, 15, 15, 'Arcabuco', 'Región Centro Oriente'),
	(199, 5, 15, 15, 'Belén', 'Región Centro Oriente'),
	(200, 5, 15, 15, 'Berbeo', 'Región Centro Oriente'),
	(201, 5, 15, 15, 'Betéitiva', 'Región Centro Oriente'),
	(202, 5, 15, 15, 'Boavita', 'Región Centro Oriente'),
	(203, 5, 15, 15, 'Boyacá', 'Región Centro Oriente'),
	(204, 5, 15, 15, 'Briceño', 'Región Centro Oriente'),
	(205, 5, 15, 15, 'Buena Vista', 'Región Centro Oriente'),
	(206, 5, 15, 15, 'Busbanzá', 'Región Centro Oriente'),
	(207, 5, 15, 15, 'Caldas', 'Región Centro Oriente'),
	(208, 5, 15, 15, 'Campohermoso', 'Región Centro Oriente'),
	(209, 5, 15, 15, 'Cerinza', 'Región Centro Oriente'),
	(210, 5, 15, 15, 'Chinavita', 'Región Centro Oriente'),
	(211, 5, 15, 15, 'Chiquinquirá', 'Región Centro Oriente'),
	(212, 5, 15, 15, 'Chíquiza', 'Región Centro Oriente'),
	(213, 5, 15, 15, 'Chiscas', 'Región Centro Oriente'),
	(214, 5, 15, 15, 'Chita', 'Región Centro Oriente'),
	(215, 5, 15, 15, 'Chitaraque', 'Región Centro Oriente'),
	(216, 5, 15, 15, 'Chivatá', 'Región Centro Oriente'),
	(217, 5, 15, 15, 'Chivor', 'Región Centro Oriente'),
	(218, 5, 15, 15, 'Ciénega', 'Región Centro Oriente'),
	(219, 5, 15, 15, 'Cómbita', 'Región Centro Oriente'),
	(220, 5, 15, 15, 'Coper', 'Región Centro Oriente'),
	(221, 5, 15, 15, 'Corrales', 'Región Centro Oriente'),
	(222, 5, 15, 15, 'Covarachía', 'Región Centro Oriente'),
	(223, 5, 15, 15, 'Cubará', 'Región Centro Oriente'),
	(224, 5, 15, 15, 'Cucaita', 'Región Centro Oriente'),
	(225, 5, 15, 15, 'Cuítiva', 'Región Centro Oriente'),
	(226, 5, 15, 15, 'Duitama', 'Región Centro Oriente'),
	(227, 5, 15, 15, 'El Cocuy', 'Región Centro Oriente'),
	(228, 5, 15, 15, 'El Espino', 'Región Centro Oriente'),
	(229, 5, 15, 15, 'Firavitoba', 'Región Centro Oriente'),
	(230, 5, 15, 15, 'Floresta', 'Región Centro Oriente'),
	(231, 5, 15, 15, 'Gachantivá', 'Región Centro Oriente'),
	(232, 5, 15, 15, 'Gameza', 'Región Centro Oriente'),
	(233, 5, 15, 15, 'Garagoa', 'Región Centro Oriente'),
	(234, 5, 15, 15, 'Guacamayas', 'Región Centro Oriente'),
	(235, 5, 15, 15, 'Guateque', 'Región Centro Oriente'),
	(236, 5, 15, 15, 'Guayatá', 'Región Centro Oriente'),
	(237, 5, 15, 15, 'Güicán', 'Región Centro Oriente'),
	(238, 5, 15, 15, 'Iza', 'Región Centro Oriente'),
	(239, 5, 15, 15, 'Jenesano', 'Región Centro Oriente'),
	(240, 5, 15, 15, 'Jericó', 'Región Centro Oriente'),
	(241, 5, 15, 15, 'La Capilla', 'Región Centro Oriente'),
	(242, 5, 15, 15, 'La Uvita', 'Región Centro Oriente'),
	(243, 5, 15, 15, 'La Victoria', 'Región Centro Oriente'),
	(244, 5, 15, 15, 'Labranzagrande', 'Región Centro Oriente'),
	(245, 5, 15, 15, 'Macanal', 'Región Centro Oriente'),
	(246, 5, 15, 15, 'Maripí', 'Región Centro Oriente'),
	(247, 5, 15, 15, 'Miraflores', 'Región Centro Oriente'),
	(248, 5, 15, 15, 'Mongua', 'Región Centro Oriente'),
	(249, 5, 15, 15, 'Monguí', 'Región Centro Oriente'),
	(250, 5, 15, 15, 'Moniquirá', 'Región Centro Oriente'),
	(251, 5, 15, 15, 'Motavita', 'Región Centro Oriente'),
	(252, 5, 15, 15, 'Muzo', 'Región Centro Oriente'),
	(253, 5, 15, 15, 'Nobsa', 'Región Centro Oriente'),
	(254, 5, 15, 15, 'Nuevo Colón', 'Región Centro Oriente'),
	(255, 5, 15, 15, 'Oicatá', 'Región Centro Oriente'),
	(256, 5, 15, 15, 'Otanche', 'Región Centro Oriente'),
	(257, 5, 15, 15, 'Pachavita', 'Región Centro Oriente'),
	(258, 5, 15, 15, 'Páez', 'Región Centro Oriente'),
	(259, 5, 15, 15, 'Paipa', 'Región Centro Oriente'),
	(260, 5, 15, 15, 'Pajarito', 'Región Centro Oriente'),
	(261, 5, 15, 15, 'Panqueba', 'Región Centro Oriente'),
	(262, 5, 15, 15, 'Pauna', 'Región Centro Oriente'),
	(263, 5, 15, 15, 'Paya', 'Región Centro Oriente'),
	(264, 5, 15, 15, 'Paz de Río', 'Región Centro Oriente'),
	(265, 5, 15, 15, 'Pesca', 'Región Centro Oriente'),
	(266, 5, 15, 15, 'Pisba', 'Región Centro Oriente'),
	(267, 5, 15, 15, 'Puerto Boyacá', 'Región Centro Oriente'),
	(268, 5, 15, 15, 'Quípama', 'Región Centro Oriente'),
	(269, 5, 15, 15, 'Ramiriquí', 'Región Centro Oriente'),
	(270, 5, 15, 15, 'Ráquira', 'Región Centro Oriente'),
	(271, 5, 15, 15, 'Rondón', 'Región Centro Oriente'),
	(272, 5, 15, 15, 'Saboyá', 'Región Centro Oriente'),
	(273, 5, 15, 15, 'Sáchica', 'Región Centro Oriente'),
	(274, 5, 15, 15, 'Samacá', 'Región Centro Oriente'),
	(275, 5, 15, 15, 'San Eduardo', 'Región Centro Oriente'),
	(276, 5, 15, 15, 'San José de Pare', 'Región Centro Oriente'),
	(277, 5, 15, 15, 'San Luis de Gaceno', 'Región Centro Oriente'),
	(278, 5, 15, 15, 'San Mateo', 'Región Centro Oriente'),
	(279, 5, 15, 15, 'San Miguel de Sema', 'Región Centro Oriente'),
	(280, 5, 15, 15, 'San Pablo de Borbur', 'Región Centro Oriente'),
	(281, 5, 15, 15, 'Santa María', 'Región Centro Oriente'),
	(282, 5, 15, 15, 'Santa Rosa de Viterbo', 'Región Centro Oriente'),
	(283, 5, 15, 15, 'Santa Sofía', 'Región Centro Oriente'),
	(284, 5, 15, 15, 'Santana', 'Región Centro Oriente'),
	(285, 5, 15, 15, 'Sativanorte', 'Región Centro Oriente'),
	(286, 5, 15, 15, 'Sativasur', 'Región Centro Oriente'),
	(287, 5, 15, 15, 'Siachoque', 'Región Centro Oriente'),
	(288, 5, 15, 15, 'Soatá', 'Región Centro Oriente'),
	(289, 5, 15, 15, 'Socha', 'Región Centro Oriente'),
	(290, 5, 15, 15, 'Socotá', 'Región Centro Oriente'),
	(291, 5, 15, 15, 'Sogamoso', 'Región Centro Oriente'),
	(292, 5, 15, 15, 'Somondoco', 'Región Centro Oriente'),
	(293, 5, 15, 15, 'Sora', 'Región Centro Oriente'),
	(294, 5, 15, 15, 'Soracá', 'Región Centro Oriente'),
	(295, 5, 15, 15, 'Sotaquirá', 'Región Centro Oriente'),
	(296, 5, 15, 15, 'Susacón', 'Región Centro Oriente'),
	(297, 5, 15, 15, 'Sutamarchán', 'Región Centro Oriente'),
	(298, 5, 15, 15, 'Sutatenza', 'Región Centro Oriente'),
	(299, 5, 15, 15, 'Tasco', 'Región Centro Oriente'),
	(300, 5, 15, 15, 'Tenza', 'Región Centro Oriente'),
	(301, 5, 15, 15, 'Tibaná', 'Región Centro Oriente'),
	(302, 5, 15, 15, 'Tibasosa', 'Región Centro Oriente'),
	(303, 5, 15, 15, 'Tinjacá', 'Región Centro Oriente'),
	(304, 5, 15, 15, 'Tipacoque', 'Región Centro Oriente'),
	(305, 5, 15, 15, 'Toca', 'Región Centro Oriente'),
	(306, 5, 15, 15, 'Togüí', 'Región Centro Oriente'),
	(307, 5, 15, 15, 'Tópaga', 'Región Centro Oriente'),
	(308, 5, 15, 15, 'Tota', 'Región Centro Oriente'),
	(309, 5, 15, 15, 'Tunja', 'Región Centro Oriente'),
	(310, 5, 15, 15, 'Tununguá', 'Región Centro Oriente'),
	(311, 5, 15, 15, 'Turmequé', 'Región Centro Oriente'),
	(312, 5, 15, 15, 'Tuta', 'Región Centro Oriente'),
	(313, 5, 15, 15, 'Tutazá', 'Región Centro Oriente'),
	(314, 5, 15, 15, 'Umbita', 'Región Centro Oriente'),
	(315, 5, 15, 15, 'Ventaquemada', 'Región Centro Oriente'),
	(316, 5, 15, 15, 'Villa de Leyva', 'Región Centro Oriente'),
	(317, 5, 15, 15, 'Viracachá', 'Región Centro Oriente'),
	(318, 5, 15, 15, 'Zetaquira', 'Región Centro Oriente'),
	(319, 6, 17, 17, 'Aguadas', 'Región Eje Cafetero - Antioquia'),
	(320, 6, 17, 17, 'Anserma', 'Región Eje Cafetero - Antioquia'),
	(321, 6, 17, 17, 'Aranzazu', 'Región Eje Cafetero - Antioquia'),
	(322, 6, 17, 17, 'Belalcázar', 'Región Eje Cafetero - Antioquia'),
	(323, 6, 17, 17, 'Chinchiná', 'Región Eje Cafetero - Antioquia'),
	(324, 6, 17, 17, 'Filadelfia', 'Región Eje Cafetero - Antioquia'),
	(325, 6, 17, 17, 'La Dorada', 'Región Eje Cafetero - Antioquia'),
	(326, 6, 17, 17, 'La Merced', 'Región Eje Cafetero - Antioquia'),
	(327, 6, 17, 17, 'Manizales', 'Región Eje Cafetero - Antioquia'),
	(328, 6, 17, 17, 'Manzanares', 'Región Eje Cafetero - Antioquia'),
	(329, 6, 17, 17, 'Marmato', 'Región Eje Cafetero - Antioquia'),
	(330, 6, 17, 17, 'Marquetalia', 'Región Eje Cafetero - Antioquia'),
	(331, 6, 17, 17, 'Marulanda', 'Región Eje Cafetero - Antioquia'),
	(332, 6, 17, 17, 'Neira', 'Región Eje Cafetero - Antioquia'),
	(333, 6, 17, 17, 'Norcasia', 'Región Eje Cafetero - Antioquia'),
	(334, 6, 17, 17, 'Pácora', 'Región Eje Cafetero - Antioquia'),
	(335, 6, 17, 17, 'Palestina', 'Región Eje Cafetero - Antioquia'),
	(336, 6, 17, 17, 'Pensilvania', 'Región Eje Cafetero - Antioquia'),
	(337, 6, 17, 17, 'Riosucio', 'Región Eje Cafetero - Antioquia'),
	(338, 6, 17, 17, 'Risaralda', 'Región Eje Cafetero - Antioquia'),
	(339, 6, 17, 17, 'Salamina', 'Región Eje Cafetero - Antioquia'),
	(340, 6, 17, 17, 'Samaná', 'Región Eje Cafetero - Antioquia'),
	(341, 6, 17, 17, 'San José', 'Región Eje Cafetero - Antioquia'),
	(342, 6, 17, 17, 'Supía', 'Región Eje Cafetero - Antioquia'),
	(343, 6, 17, 17, 'Victoria', 'Región Eje Cafetero - Antioquia'),
	(344, 6, 17, 17, 'Villamaría', 'Región Eje Cafetero - Antioquia'),
	(345, 6, 17, 17, 'Viterbo', 'Región Eje Cafetero - Antioquia'),
	(346, 7, 18, 18, 'Albania', 'Región Centro Sur'),
	(347, 7, 18, 18, 'Belén de Los Andaquies', 'Región Centro Sur'),
	(348, 7, 18, 18, 'Cartagena del Chairá', 'Región Centro Sur'),
	(349, 7, 18, 18, 'Curillo', 'Región Centro Sur'),
	(350, 7, 18, 18, 'El Doncello', 'Región Centro Sur'),
	(351, 7, 18, 18, 'El Paujil', 'Región Centro Sur'),
	(352, 7, 18, 18, 'Florencia', 'Región Centro Sur'),
	(353, 7, 18, 18, 'La Montañita', 'Región Centro Sur'),
	(354, 7, 18, 18, 'Milán', 'Región Centro Sur'),
	(355, 7, 18, 18, 'Morelia', 'Región Centro Sur'),
	(356, 7, 18, 18, 'Puerto Rico', 'Región Centro Sur'),
	(357, 7, 18, 18, 'San José del Fragua', 'Región Centro Sur'),
	(358, 7, 18, 18, 'San Vicente del Caguán', 'Región Centro Sur'),
	(359, 7, 18, 18, 'Solano', 'Región Centro Sur'),
	(360, 7, 18, 18, 'Solita', 'Región Centro Sur'),
	(361, 7, 18, 18, 'Valparaíso', 'Región Centro Sur'),
	(362, 8, 19, 19, 'Almaguer', 'Región Pacífico'),
	(363, 8, 19, 19, 'Argelia', 'Región Pacífico'),
	(364, 8, 19, 19, 'Balboa', 'Región Pacífico'),
	(365, 8, 19, 19, 'Bolívar', 'Región Pacífico'),
	(366, 8, 19, 19, 'Buenos Aires', 'Región Pacífico'),
	(367, 8, 19, 19, 'Cajibío', 'Región Pacífico'),
	(368, 8, 19, 19, 'Caldono', 'Región Pacífico'),
	(369, 8, 19, 19, 'Caloto', 'Región Pacífico'),
	(370, 8, 19, 19, 'Corinto', 'Región Pacífico'),
	(371, 8, 19, 19, 'El Tambo', 'Región Pacífico'),
	(372, 8, 19, 19, 'Florencia', 'Región Pacífico'),
	(373, 8, 19, 19, 'Guachené', 'Región Pacífico'),
	(374, 8, 19, 19, 'Guapi', 'Región Pacífico'),
	(375, 8, 19, 19, 'Inzá', 'Región Pacífico'),
	(376, 8, 19, 19, 'Jambaló', 'Región Pacífico'),
	(377, 8, 19, 19, 'La Sierra', 'Región Pacífico'),
	(378, 8, 19, 19, 'La Vega', 'Región Pacífico'),
	(379, 8, 19, 19, 'López', 'Región Pacífico'),
	(380, 8, 19, 19, 'Mercaderes', 'Región Pacífico'),
	(381, 8, 19, 19, 'Miranda', 'Región Pacífico'),
	(382, 8, 19, 19, 'Morales', 'Región Pacífico'),
	(383, 8, 19, 19, 'Padilla', 'Región Pacífico'),
	(384, 8, 19, 19, 'Páez', 'Región Pacífico'),
	(385, 8, 19, 19, 'Patía', 'Región Pacífico'),
	(386, 8, 19, 19, 'Piamonte', 'Región Pacífico'),
	(387, 8, 19, 19, 'Piendamó', 'Región Pacífico'),
	(388, 8, 19, 19, 'Popayán', 'Región Pacífico'),
	(389, 8, 19, 19, 'Puerto Tejada', 'Región Pacífico'),
	(390, 8, 19, 19, 'Puracé', 'Región Pacífico'),
	(391, 8, 19, 19, 'Rosas', 'Región Pacífico'),
	(392, 8, 19, 19, 'San Sebastián', 'Región Pacífico'),
	(393, 8, 19, 19, 'Santa Rosa', 'Región Pacífico'),
	(394, 8, 19, 19, 'Santander de Quilichao', 'Región Pacífico'),
	(395, 8, 19, 19, 'Silvia', 'Región Pacífico'),
	(396, 8, 19, 19, 'Sotara', 'Región Pacífico'),
	(397, 8, 19, 19, 'Suárez', 'Región Pacífico'),
	(398, 8, 19, 19, 'Sucre', 'Región Pacífico'),
	(399, 8, 19, 19, 'Timbío', 'Región Pacífico'),
	(400, 8, 19, 19, 'Timbiquí', 'Región Pacífico'),
	(401, 8, 19, 19, 'Toribio', 'Región Pacífico'),
	(402, 8, 19, 19, 'Totoró', 'Región Pacífico'),
	(403, 8, 19, 19, 'Villa Rica', 'Región Pacífico'),
	(404, 9, 20, 20, 'Aguachica', 'Región Caribe'),
	(405, 9, 20, 20, 'Agustín Codazzi', 'Región Caribe'),
	(406, 9, 20, 20, 'Astrea', 'Región Caribe'),
	(407, 9, 20, 20, 'Becerril', 'Región Caribe'),
	(408, 9, 20, 20, 'Bosconia', 'Región Caribe'),
	(409, 9, 20, 20, 'Chimichagua', 'Región Caribe'),
	(410, 9, 20, 20, 'Chiriguaná', 'Región Caribe'),
	(411, 9, 20, 20, 'Curumaní', 'Región Caribe'),
	(412, 9, 20, 20, 'El Copey', 'Región Caribe'),
	(413, 9, 20, 20, 'El Paso', 'Región Caribe'),
	(414, 9, 20, 20, 'Gamarra', 'Región Caribe'),
	(415, 9, 20, 20, 'González', 'Región Caribe'),
	(416, 9, 20, 20, 'La Gloria', 'Región Caribe'),
	(417, 9, 20, 20, 'La Jagua de Ibirico', 'Región Caribe'),
	(418, 9, 20, 20, 'La Paz', 'Región Caribe'),
	(419, 9, 20, 20, 'Manaure', 'Región Caribe'),
	(420, 9, 20, 20, 'Pailitas', 'Región Caribe'),
	(421, 9, 20, 20, 'Pelaya', 'Región Caribe'),
	(422, 9, 20, 20, 'Pueblo Bello', 'Región Caribe'),
	(423, 9, 20, 20, 'Río de Oro', 'Región Caribe'),
	(424, 9, 20, 20, 'San Alberto', 'Región Caribe'),
	(425, 9, 20, 20, 'San Diego', 'Región Caribe'),
	(426, 9, 20, 20, 'San Martín', 'Región Caribe'),
	(427, 9, 20, 20, 'Tamalameque', 'Región Caribe'),
	(428, 9, 20, 20, 'Valledupar', 'Región Caribe'),
	(429, 10, 23, 23, 'Ayapel', 'Región Caribe'),
	(430, 10, 23, 23, 'Buenavista', 'Región Caribe'),
	(431, 10, 23, 23, 'Canalete', 'Región Caribe'),
	(432, 10, 23, 23, 'Cereté', 'Región Caribe'),
	(433, 10, 23, 23, 'Chimá', 'Región Caribe'),
	(434, 10, 23, 23, 'Chinú', 'Región Caribe'),
	(435, 10, 23, 23, 'Ciénaga de Oro', 'Región Caribe'),
	(436, 10, 23, 23, 'Cotorra', 'Región Caribe'),
	(437, 10, 23, 23, 'La Apartada', 'Región Caribe'),
	(438, 10, 23, 23, 'Lorica', 'Región Caribe'),
	(439, 10, 23, 23, 'Los Córdobas', 'Región Caribe'),
	(440, 10, 23, 23, 'Momil', 'Región Caribe'),
	(441, 10, 23, 23, 'Montelíbano', 'Región Caribe'),
	(442, 10, 23, 23, 'Montería', 'Región Caribe'),
	(443, 10, 23, 23, 'Moñitos', 'Región Caribe'),
	(444, 10, 23, 23, 'Planeta Rica', 'Región Caribe'),
	(445, 10, 23, 23, 'Pueblo Nuevo', 'Región Caribe'),
	(446, 10, 23, 23, 'Puerto Escondido', 'Región Caribe'),
	(447, 10, 23, 23, 'Puerto Libertador', 'Región Caribe'),
	(448, 10, 23, 23, 'Purísima', 'Región Caribe'),
	(449, 10, 23, 23, 'Sahagún', 'Región Caribe'),
	(450, 10, 23, 23, 'San Andrés Sotavento', 'Región Caribe'),
	(451, 10, 23, 23, 'San Antero', 'Región Caribe'),
	(452, 10, 23, 23, 'San Bernardo del Viento', 'Región Caribe'),
	(453, 10, 23, 23, 'San Carlos', 'Región Caribe'),
	(454, 10, 23, 23, 'San José de Uré', 'Región Caribe'),
	(455, 10, 23, 23, 'San Pelayo', 'Región Caribe'),
	(456, 10, 23, 23, 'Tierralta', 'Región Caribe'),
	(457, 10, 23, 23, 'Tuchín', 'Región Caribe'),
	(458, 10, 23, 23, 'Valencia', 'Región Caribe'),
	(459, 11, 25, 25, 'Agua de Dios', 'Región Centro Oriente'),
	(460, 11, 25, 25, 'Albán', 'Región Centro Oriente'),
	(461, 11, 25, 25, 'Anapoima', 'Región Centro Oriente'),
	(462, 11, 25, 25, 'Anolaima', 'Región Centro Oriente'),
	(463, 11, 25, 25, 'Apulo', 'Región Centro Oriente'),
	(464, 11, 25, 25, 'Arbeláez', 'Región Centro Oriente'),
	(465, 11, 25, 25, 'Beltrán', 'Región Centro Oriente'),
	(466, 11, 25, 25, 'Bituima', 'Región Centro Oriente'),
	(467, 11, 25, 25, 'Bojacá', 'Región Centro Oriente'),
	(468, 11, 25, 25, 'Cabrera', 'Región Centro Oriente'),
	(469, 11, 25, 25, 'Cachipay', 'Región Centro Oriente'),
	(470, 11, 25, 25, 'Cajicá', 'Región Centro Oriente'),
	(471, 11, 25, 25, 'Caparrapí', 'Región Centro Oriente'),
	(472, 11, 25, 25, 'Caqueza', 'Región Centro Oriente'),
	(473, 11, 25, 25, 'Carmen de Carupa', 'Región Centro Oriente'),
	(474, 11, 25, 25, 'Chaguaní', 'Región Centro Oriente'),
	(475, 11, 25, 25, 'Chía', 'Región Centro Oriente'),
	(476, 11, 25, 25, 'Chipaque', 'Región Centro Oriente'),
	(477, 11, 25, 25, 'Choachí', 'Región Centro Oriente'),
	(478, 11, 25, 25, 'Chocontá', 'Región Centro Oriente'),
	(479, 11, 25, 25, 'Cogua', 'Región Centro Oriente'),
	(480, 11, 25, 25, 'Cota', 'Región Centro Oriente'),
	(481, 11, 25, 25, 'Cucunubá', 'Región Centro Oriente'),
	(482, 11, 25, 25, 'El Colegio', 'Región Centro Oriente'),
	(483, 11, 25, 25, 'El Peñón', 'Región Centro Oriente'),
	(484, 11, 25, 25, 'El Rosal', 'Región Centro Oriente'),
	(485, 11, 25, 25, 'Facatativá', 'Región Centro Oriente'),
	(486, 11, 25, 25, 'Fomeque', 'Región Centro Oriente'),
	(487, 11, 25, 25, 'Fosca', 'Región Centro Oriente'),
	(488, 11, 25, 25, 'Funza', 'Región Centro Oriente'),
	(489, 11, 25, 25, 'Fúquene', 'Región Centro Oriente'),
	(490, 11, 25, 25, 'Fusagasugá', 'Región Centro Oriente'),
	(491, 11, 25, 25, 'Gachala', 'Región Centro Oriente'),
	(492, 11, 25, 25, 'Gachancipá', 'Región Centro Oriente'),
	(493, 11, 25, 25, 'Gachetá', 'Región Centro Oriente'),
	(494, 11, 25, 25, 'Gama', 'Región Centro Oriente'),
	(495, 11, 25, 25, 'Girardot', 'Región Centro Oriente'),
	(496, 11, 25, 25, 'Granada', 'Región Centro Oriente'),
	(497, 11, 25, 25, 'Guachetá', 'Región Centro Oriente'),
	(498, 11, 25, 25, 'Guaduas', 'Región Centro Oriente'),
	(499, 11, 25, 25, 'Guasca', 'Región Centro Oriente'),
	(500, 11, 25, 25, 'Guataquí', 'Región Centro Oriente'),
	(501, 11, 25, 25, 'Guatavita', 'Región Centro Oriente'),
	(502, 11, 25, 25, 'Guayabal de Siquima', 'Región Centro Oriente'),
	(503, 11, 25, 25, 'Guayabetal', 'Región Centro Oriente'),
	(504, 11, 25, 25, 'Gutiérrez', 'Región Centro Oriente'),
	(505, 11, 25, 25, 'Jerusalén', 'Región Centro Oriente'),
	(506, 11, 25, 25, 'Junín', 'Región Centro Oriente'),
	(507, 11, 25, 25, 'La Calera', 'Región Centro Oriente'),
	(508, 11, 25, 25, 'La Mesa', 'Región Centro Oriente'),
	(509, 11, 25, 25, 'La Palma', 'Región Centro Oriente'),
	(510, 11, 25, 25, 'La Peña', 'Región Centro Oriente'),
	(511, 11, 25, 25, 'La Vega', 'Región Centro Oriente'),
	(512, 11, 25, 25, 'Lenguazaque', 'Región Centro Oriente'),
	(513, 11, 25, 25, 'Macheta', 'Región Centro Oriente'),
	(514, 11, 25, 25, 'Madrid', 'Región Centro Oriente'),
	(515, 11, 25, 25, 'Manta', 'Región Centro Oriente'),
	(516, 11, 25, 25, 'Medina', 'Región Centro Oriente'),
	(517, 11, 25, 25, 'Mosquera', 'Región Centro Oriente'),
	(518, 11, 25, 25, 'Nariño', 'Región Centro Oriente'),
	(519, 11, 25, 25, 'Nemocón', 'Región Centro Oriente'),
	(520, 11, 25, 25, 'Nilo', 'Región Centro Oriente'),
	(521, 11, 25, 25, 'Nimaima', 'Región Centro Oriente'),
	(522, 11, 25, 25, 'Nocaima', 'Región Centro Oriente'),
	(523, 11, 25, 25, 'Pacho', 'Región Centro Oriente'),
	(524, 11, 25, 25, 'Paime', 'Región Centro Oriente'),
	(525, 11, 25, 25, 'Pandi', 'Región Centro Oriente'),
	(526, 11, 25, 25, 'Paratebueno', 'Región Centro Oriente'),
	(527, 11, 25, 25, 'Pasca', 'Región Centro Oriente'),
	(528, 11, 25, 25, 'Puerto Salgar', 'Región Centro Oriente'),
	(529, 11, 25, 25, 'Pulí', 'Región Centro Oriente'),
	(530, 11, 25, 25, 'Quebradanegra', 'Región Centro Oriente'),
	(531, 11, 25, 25, 'Quetame', 'Región Centro Oriente'),
	(532, 11, 25, 25, 'Quipile', 'Región Centro Oriente'),
	(533, 11, 25, 25, 'Ricaurte', 'Región Centro Oriente'),
	(534, 11, 25, 25, 'San Antonio del Tequendama', 'Región Centro Oriente'),
	(535, 11, 25, 25, 'San Bernardo', 'Región Centro Oriente'),
	(536, 11, 25, 25, 'San Cayetano', 'Región Centro Oriente'),
	(537, 11, 25, 25, 'San Francisco', 'Región Centro Oriente'),
	(538, 11, 25, 25, 'San Juan de Río Seco', 'Región Centro Oriente'),
	(539, 11, 25, 25, 'Sasaima', 'Región Centro Oriente'),
	(540, 11, 25, 25, 'Sesquilé', 'Región Centro Oriente'),
	(541, 11, 25, 25, 'Sibaté', 'Región Centro Oriente'),
	(542, 11, 25, 25, 'Silvania', 'Región Centro Oriente'),
	(543, 11, 25, 25, 'Simijaca', 'Región Centro Oriente'),
	(544, 11, 25, 25, 'Soacha', 'Región Centro Oriente'),
	(545, 11, 25, 25, 'Sopó', 'Región Centro Oriente'),
	(546, 11, 25, 25, 'Subachoque', 'Región Centro Oriente'),
	(547, 11, 25, 25, 'Suesca', 'Región Centro Oriente'),
	(548, 11, 25, 25, 'Supatá', 'Región Centro Oriente'),
	(549, 11, 25, 25, 'Susa', 'Región Centro Oriente'),
	(550, 11, 25, 25, 'Sutatausa', 'Región Centro Oriente'),
	(551, 11, 25, 25, 'Tabio', 'Región Centro Oriente'),
	(552, 11, 25, 25, 'Tausa', 'Región Centro Oriente'),
	(553, 11, 25, 25, 'Tena', 'Región Centro Oriente'),
	(554, 11, 25, 25, 'Tenjo', 'Región Centro Oriente'),
	(555, 11, 25, 25, 'Tibacuy', 'Región Centro Oriente'),
	(556, 11, 25, 25, 'Tibirita', 'Región Centro Oriente'),
	(557, 11, 25, 25, 'Tocaima', 'Región Centro Oriente'),
	(558, 11, 25, 25, 'Tocancipá', 'Región Centro Oriente'),
	(559, 11, 25, 25, 'Topaipí', 'Región Centro Oriente'),
	(560, 11, 25, 25, 'Ubalá', 'Región Centro Oriente'),
	(561, 11, 25, 25, 'Ubaque', 'Región Centro Oriente'),
	(562, 11, 25, 25, 'Une', 'Región Centro Oriente'),
	(563, 11, 25, 25, 'Útica', 'Región Centro Oriente'),
	(564, 11, 25, 25, 'Venecia', 'Región Centro Oriente'),
	(565, 11, 25, 25, 'Vergara', 'Región Centro Oriente'),
	(566, 11, 25, 25, 'Vianí', 'Región Centro Oriente'),
	(567, 11, 25, 25, 'Villa de San Diego de Ubate', 'Región Centro Oriente'),
	(568, 11, 25, 25, 'Villagómez', 'Región Centro Oriente'),
	(569, 11, 25, 25, 'Villapinzón', 'Región Centro Oriente'),
	(570, 11, 25, 25, 'Villeta', 'Región Centro Oriente'),
	(571, 11, 25, 25, 'Viotá', 'Región Centro Oriente'),
	(572, 11, 25, 25, 'Yacopí', 'Región Centro Oriente'),
	(573, 11, 25, 25, 'Zipacón', 'Región Centro Oriente'),
	(574, 11, 25, 25, 'Zipaquirá', 'Región Centro Oriente'),
	(575, 12, 27, 27, 'Acandí', 'Región Pacífico'),
	(576, 12, 27, 27, 'Alto Baudo', 'Región Pacífico'),
	(577, 12, 27, 27, 'Atrato', 'Región Pacífico'),
	(578, 12, 27, 27, 'Bagadó', 'Región Pacífico'),
	(579, 12, 27, 27, 'Bahía Solano', 'Región Pacífico'),
	(580, 12, 27, 27, 'Bajo Baudó', 'Región Pacífico'),
	(581, 12, 27, 27, 'Belén de Bajira', 'Región Pacífico'),
	(582, 12, 27, 27, 'Bojaya', 'Región Pacífico'),
	(583, 12, 27, 27, 'Carmen del Darien', 'Región Pacífico'),
	(584, 12, 27, 27, 'Cértegui', 'Región Pacífico'),
	(585, 12, 27, 27, 'Condoto', 'Región Pacífico'),
	(586, 12, 27, 27, 'El Cantón del San Pablo', 'Región Pacífico'),
	(587, 12, 27, 27, 'El Carmen de Atrato', 'Región Pacífico'),
	(588, 12, 27, 27, 'El Litoral del San Juan', 'Región Pacífico'),
	(589, 12, 27, 27, 'Istmina', 'Región Pacífico'),
	(590, 12, 27, 27, 'Juradó', 'Región Pacífico'),
	(591, 12, 27, 27, 'Lloró', 'Región Pacífico'),
	(592, 12, 27, 27, 'Medio Atrato', 'Región Pacífico'),
	(593, 12, 27, 27, 'Medio Baudó', 'Región Pacífico'),
	(594, 12, 27, 27, 'Medio San Juan', 'Región Pacífico'),
	(595, 12, 27, 27, 'Nóvita', 'Región Pacífico'),
	(596, 12, 27, 27, 'Nuquí', 'Región Pacífico'),
	(597, 12, 27, 27, 'Quibdó', 'Región Pacífico'),
	(598, 12, 27, 27, 'Río Iro', 'Región Pacífico'),
	(599, 12, 27, 27, 'Río Quito', 'Región Pacífico'),
	(600, 12, 27, 27, 'Riosucio', 'Región Pacífico'),
	(601, 12, 27, 27, 'San José del Palmar', 'Región Pacífico'),
	(602, 12, 27, 27, 'Sipí', 'Región Pacífico'),
	(603, 12, 27, 27, 'Tadó', 'Región Pacífico'),
	(604, 12, 27, 27, 'Unguía', 'Región Pacífico'),
	(605, 12, 27, 27, 'Unión Panamericana', 'Región Pacífico'),
	(606, 13, 41, 41, 'Acevedo', 'Región Centro Sur'),
	(607, 13, 41, 41, 'Agrado', 'Región Centro Sur'),
	(608, 13, 41, 41, 'Aipe', 'Región Centro Sur'),
	(609, 13, 41, 41, 'Algeciras', 'Región Centro Sur'),
	(610, 13, 41, 41, 'Altamira', 'Región Centro Sur'),
	(611, 13, 41, 41, 'Baraya', 'Región Centro Sur'),
	(612, 13, 41, 41, 'Campoalegre', 'Región Centro Sur'),
	(613, 13, 41, 41, 'Colombia', 'Región Centro Sur'),
	(614, 13, 41, 41, 'Elías', 'Región Centro Sur'),
	(615, 13, 41, 41, 'Garzón', 'Región Centro Sur'),
	(616, 13, 41, 41, 'Gigante', 'Región Centro Sur'),
	(617, 13, 41, 41, 'Guadalupe', 'Región Centro Sur'),
	(618, 13, 41, 41, 'Hobo', 'Región Centro Sur'),
	(619, 13, 41, 41, 'Iquira', 'Región Centro Sur'),
	(620, 13, 41, 41, 'Isnos', 'Región Centro Sur'),
	(621, 13, 41, 41, 'La Argentina', 'Región Centro Sur'),
	(622, 13, 41, 41, 'La Plata', 'Región Centro Sur'),
	(623, 13, 41, 41, 'Nátaga', 'Región Centro Sur'),
	(624, 13, 41, 41, 'Neiva', 'Región Centro Sur'),
	(625, 13, 41, 41, 'Oporapa', 'Región Centro Sur'),
	(626, 13, 41, 41, 'Paicol', 'Región Centro Sur'),
	(627, 13, 41, 41, 'Palermo', 'Región Centro Sur'),
	(628, 13, 41, 41, 'Palestina', 'Región Centro Sur'),
	(629, 13, 41, 41, 'Pital', 'Región Centro Sur'),
	(630, 13, 41, 41, 'Pitalito', 'Región Centro Sur'),
	(631, 13, 41, 41, 'Rivera', 'Región Centro Sur'),
	(632, 13, 41, 41, 'Saladoblanco', 'Región Centro Sur'),
	(633, 13, 41, 41, 'San Agustín', 'Región Centro Sur'),
	(634, 13, 41, 41, 'Santa María', 'Región Centro Sur'),
	(635, 13, 41, 41, 'Suaza', 'Región Centro Sur'),
	(636, 13, 41, 41, 'Tarqui', 'Región Centro Sur'),
	(637, 13, 41, 41, 'Tello', 'Región Centro Sur'),
	(638, 13, 41, 41, 'Teruel', 'Región Centro Sur'),
	(639, 13, 41, 41, 'Tesalia', 'Región Centro Sur'),
	(640, 13, 41, 41, 'Timaná', 'Región Centro Sur'),
	(641, 13, 41, 41, 'Villavieja', 'Región Centro Sur'),
	(642, 13, 41, 41, 'Yaguará', 'Región Centro Sur'),
	(643, 14, 44, 44, 'Albania', 'Región Caribe'),
	(644, 14, 44, 44, 'Barrancas', 'Región Caribe'),
	(645, 14, 44, 44, 'Dibula', 'Región Caribe'),
	(646, 14, 44, 44, 'Distracción', 'Región Caribe'),
	(647, 14, 44, 44, 'El Molino', 'Región Caribe'),
	(648, 14, 44, 44, 'Fonseca', 'Región Caribe'),
	(649, 14, 44, 44, 'Hatonuevo', 'Región Caribe'),
	(650, 14, 44, 44, 'La Jagua del Pilar', 'Región Caribe'),
	(651, 14, 44, 44, 'Maicao', 'Región Caribe'),
	(652, 14, 44, 44, 'Manaure', 'Región Caribe'),
	(653, 14, 44, 44, 'Riohacha', 'Región Caribe'),
	(654, 14, 44, 44, 'San Juan del Cesar', 'Región Caribe'),
	(655, 14, 44, 44, 'Uribia', 'Región Caribe'),
	(656, 14, 44, 44, 'Urumita', 'Región Caribe'),
	(657, 14, 44, 44, 'Villanueva', 'Región Caribe'),
	(658, 15, 47, 47, 'Algarrobo', 'Región Caribe'),
	(659, 15, 47, 47, 'Aracataca', 'Región Caribe'),
	(660, 15, 47, 47, 'Ariguaní', 'Región Caribe'),
	(661, 15, 47, 47, 'Cerro San Antonio', 'Región Caribe'),
	(662, 15, 47, 47, 'Chivolo', 'Región Caribe'),
	(663, 15, 47, 47, 'Ciénaga', 'Región Caribe'),
	(664, 15, 47, 47, 'Concordia', 'Región Caribe'),
	(665, 15, 47, 47, 'El Banco', 'Región Caribe'),
	(666, 15, 47, 47, 'El Piñon', 'Región Caribe'),
	(667, 15, 47, 47, 'El Retén', 'Región Caribe'),
	(668, 15, 47, 47, 'Fundación', 'Región Caribe'),
	(669, 15, 47, 47, 'Guamal', 'Región Caribe'),
	(670, 15, 47, 47, 'Nueva Granada', 'Región Caribe'),
	(671, 15, 47, 47, 'Pedraza', 'Región Caribe'),
	(672, 15, 47, 47, 'Pijiño del Carmen', 'Región Caribe'),
	(673, 15, 47, 47, 'Pivijay', 'Región Caribe'),
	(674, 15, 47, 47, 'Plato', 'Región Caribe'),
	(675, 15, 47, 47, 'Pueblo Viejo', 'Región Caribe'),
	(676, 15, 47, 47, 'Remolino', 'Región Caribe'),
	(677, 15, 47, 47, 'Sabanas de San Angel', 'Región Caribe'),
	(678, 15, 47, 47, 'Salamina', 'Región Caribe'),
	(679, 15, 47, 47, 'San Sebastián de Buenavista', 'Región Caribe'),
	(680, 15, 47, 47, 'San Zenón', 'Región Caribe'),
	(681, 15, 47, 47, 'Santa Ana', 'Región Caribe'),
	(682, 15, 47, 47, 'Santa Bárbara de Pinto', 'Región Caribe'),
	(683, 15, 47, 47, 'Santa Marta', 'Región Caribe'),
	(684, 15, 47, 47, 'Sitionuevo', 'Región Caribe'),
	(685, 15, 47, 47, 'Tenerife', 'Región Caribe'),
	(686, 15, 47, 47, 'Zapayán', 'Región Caribe'),
	(687, 15, 47, 47, 'Zona Bananera', 'Región Caribe'),
	(688, 16, 50, 50, 'Acacias', 'Región Llano'),
	(689, 16, 50, 50, 'Barranca de Upía', 'Región Llano'),
	(690, 16, 50, 50, 'Cabuyaro', 'Región Llano'),
	(691, 16, 50, 50, 'Castilla la Nueva', 'Región Llano'),
	(692, 16, 50, 50, 'Cubarral', 'Región Llano'),
	(693, 16, 50, 50, 'Cumaral', 'Región Llano'),
	(694, 16, 50, 50, 'El Calvario', 'Región Llano'),
	(695, 16, 50, 50, 'El Castillo', 'Región Llano'),
	(696, 16, 50, 50, 'El Dorado', 'Región Llano'),
	(697, 16, 50, 50, 'Fuente de Oro', 'Región Llano'),
	(698, 16, 50, 50, 'Granada', 'Región Llano'),
	(699, 16, 50, 50, 'Guamal', 'Región Llano'),
	(700, 16, 50, 50, 'La Macarena', 'Región Llano'),
	(701, 16, 50, 50, 'Lejanías', 'Región Llano'),
	(702, 16, 50, 50, 'Mapiripán', 'Región Llano'),
	(703, 16, 50, 50, 'Mesetas', 'Región Llano'),
	(704, 16, 50, 50, 'Puerto Concordia', 'Región Llano'),
	(705, 16, 50, 50, 'Puerto Gaitán', 'Región Llano'),
	(706, 16, 50, 50, 'Puerto Lleras', 'Región Llano'),
	(707, 16, 50, 50, 'Puerto López', 'Región Llano'),
	(708, 16, 50, 50, 'Puerto Rico', 'Región Llano'),
	(709, 16, 50, 50, 'Restrepo', 'Región Llano'),
	(710, 16, 50, 50, 'San Carlos de Guaroa', 'Región Llano'),
	(711, 16, 50, 50, 'San Juan de Arama', 'Región Llano'),
	(712, 16, 50, 50, 'San Juanito', 'Región Llano'),
	(713, 16, 50, 50, 'San Martín', 'Región Llano'),
	(714, 16, 50, 50, 'Uribe', 'Región Llano'),
	(715, 16, 50, 50, 'Villavicencio', 'Región Llano'),
	(716, 16, 50, 50, 'Vista Hermosa', 'Región Llano'),
	(717, 17, 52, 52, 'Albán', 'Región Pacífico'),
	(718, 17, 52, 52, 'Aldana', 'Región Pacífico'),
	(719, 17, 52, 52, 'Ancuyá', 'Región Pacífico'),
	(720, 17, 52, 52, 'Arboleda', 'Región Pacífico'),
	(721, 17, 52, 52, 'Barbacoas', 'Región Pacífico'),
	(722, 17, 52, 52, 'Belén', 'Región Pacífico'),
	(723, 17, 52, 52, 'Buesaco', 'Región Pacífico'),
	(724, 17, 52, 52, 'Chachagüí', 'Región Pacífico'),
	(725, 17, 52, 52, 'Colón', 'Región Pacífico'),
	(726, 17, 52, 52, 'Consaca', 'Región Pacífico'),
	(727, 17, 52, 52, 'Contadero', 'Región Pacífico'),
	(728, 17, 52, 52, 'Córdoba', 'Región Pacífico'),
	(729, 17, 52, 52, 'Cuaspud', 'Región Pacífico'),
	(730, 17, 52, 52, 'Cumbal', 'Región Pacífico'),
	(731, 17, 52, 52, 'Cumbitara', 'Región Pacífico'),
	(732, 17, 52, 52, 'El Charco', 'Región Pacífico'),
	(733, 17, 52, 52, 'El Peñol', 'Región Pacífico'),
	(734, 17, 52, 52, 'El Rosario', 'Región Pacífico'),
	(735, 17, 52, 52, 'El Tablón de Gómez', 'Región Pacífico'),
	(736, 17, 52, 52, 'El Tambo', 'Región Pacífico'),
	(737, 17, 52, 52, 'Francisco Pizarro', 'Región Pacífico'),
	(738, 17, 52, 52, 'Funes', 'Región Pacífico'),
	(739, 17, 52, 52, 'Guachucal', 'Región Pacífico'),
	(740, 17, 52, 52, 'Guaitarilla', 'Región Pacífico'),
	(741, 17, 52, 52, 'Gualmatán', 'Región Pacífico'),
	(742, 17, 52, 52, 'Iles', 'Región Pacífico'),
	(743, 17, 52, 52, 'Imués', 'Región Pacífico'),
	(744, 17, 52, 52, 'Ipiales', 'Región Pacífico'),
	(745, 17, 52, 52, 'La Cruz', 'Región Pacífico'),
	(746, 17, 52, 52, 'La Florida', 'Región Pacífico'),
	(747, 17, 52, 52, 'La Llanada', 'Región Pacífico'),
	(748, 17, 52, 52, 'La Tola', 'Región Pacífico'),
	(749, 17, 52, 52, 'La Unión', 'Región Pacífico'),
	(750, 17, 52, 52, 'Leiva', 'Región Pacífico'),
	(751, 17, 52, 52, 'Linares', 'Región Pacífico'),
	(752, 17, 52, 52, 'Los Andes', 'Región Pacífico'),
	(753, 17, 52, 52, 'Magüí', 'Región Pacífico'),
	(754, 17, 52, 52, 'Mallama', 'Región Pacífico'),
	(755, 17, 52, 52, 'Mosquera', 'Región Pacífico'),
	(756, 17, 52, 52, 'Nariño', 'Región Pacífico'),
	(757, 17, 52, 52, 'Olaya Herrera', 'Región Pacífico'),
	(758, 17, 52, 52, 'Ospina', 'Región Pacífico'),
	(759, 17, 52, 52, 'Pasto', 'Región Pacífico'),
	(760, 17, 52, 52, 'Policarpa', 'Región Pacífico'),
	(761, 17, 52, 52, 'Potosí', 'Región Pacífico'),
	(762, 17, 52, 52, 'Providencia', 'Región Pacífico'),
	(763, 17, 52, 52, 'Puerres', 'Región Pacífico'),
	(764, 17, 52, 52, 'Pupiales', 'Región Pacífico'),
	(765, 17, 52, 52, 'Ricaurte', 'Región Pacífico'),
	(766, 17, 52, 52, 'Roberto Payán', 'Región Pacífico'),
	(767, 17, 52, 52, 'Samaniego', 'Región Pacífico'),
	(768, 17, 52, 52, 'San Andrés de Tumaco', 'Región Pacífico'),
	(769, 17, 52, 52, 'San Bernardo', 'Región Pacífico'),
	(770, 17, 52, 52, 'San Lorenzo', 'Región Pacífico'),
	(771, 17, 52, 52, 'San Pablo', 'Región Pacífico'),
	(772, 17, 52, 52, 'San Pedro de Cartago', 'Región Pacífico'),
	(773, 17, 52, 52, 'Sandoná', 'Región Pacífico'),
	(774, 17, 52, 52, 'Santa Bárbara', 'Región Pacífico'),
	(775, 17, 52, 52, 'Santacruz', 'Región Pacífico'),
	(776, 17, 52, 52, 'Sapuyes', 'Región Pacífico'),
	(777, 17, 52, 52, 'Taminango', 'Región Pacífico'),
	(778, 17, 52, 52, 'Tangua', 'Región Pacífico'),
	(779, 17, 52, 52, 'Túquerres', 'Región Pacífico'),
	(780, 17, 52, 52, 'Yacuanquer', 'Región Pacífico'),
	(781, 18, 54, 54, 'Abrego', 'Región Centro Oriente'),
	(782, 18, 54, 54, 'Arboledas', 'Región Centro Oriente'),
	(783, 18, 54, 54, 'Bochalema', 'Región Centro Oriente'),
	(784, 18, 54, 54, 'Bucarasica', 'Región Centro Oriente'),
	(785, 18, 54, 54, 'Cachirá', 'Región Centro Oriente'),
	(786, 18, 54, 54, 'Cácota', 'Región Centro Oriente'),
	(787, 18, 54, 54, 'Chinácota', 'Región Centro Oriente'),
	(788, 18, 54, 54, 'Chitagá', 'Región Centro Oriente'),
	(789, 18, 54, 54, 'Convención', 'Región Centro Oriente'),
	(790, 18, 54, 54, 'Cúcuta', 'Región Centro Oriente'),
	(791, 18, 54, 54, 'Cucutilla', 'Región Centro Oriente'),
	(792, 18, 54, 54, 'Durania', 'Región Centro Oriente'),
	(793, 18, 54, 54, 'El Carmen', 'Región Centro Oriente'),
	(794, 18, 54, 54, 'El Tarra', 'Región Centro Oriente'),
	(795, 18, 54, 54, 'El Zulia', 'Región Centro Oriente'),
	(796, 18, 54, 54, 'Gramalote', 'Región Centro Oriente'),
	(797, 18, 54, 54, 'Hacarí', 'Región Centro Oriente'),
	(798, 18, 54, 54, 'Herrán', 'Región Centro Oriente'),
	(799, 18, 54, 54, 'La Esperanza', 'Región Centro Oriente'),
	(800, 18, 54, 54, 'La Playa', 'Región Centro Oriente'),
	(801, 18, 54, 54, 'Labateca', 'Región Centro Oriente'),
	(802, 18, 54, 54, 'Los Patios', 'Región Centro Oriente'),
	(803, 18, 54, 54, 'Lourdes', 'Región Centro Oriente'),
	(804, 18, 54, 54, 'Mutiscua', 'Región Centro Oriente'),
	(805, 18, 54, 54, 'Ocaña', 'Región Centro Oriente'),
	(806, 18, 54, 54, 'Pamplona', 'Región Centro Oriente'),
	(807, 18, 54, 54, 'Pamplonita', 'Región Centro Oriente'),
	(808, 18, 54, 54, 'Puerto Santander', 'Región Centro Oriente'),
	(809, 18, 54, 54, 'Ragonvalia', 'Región Centro Oriente'),
	(810, 18, 54, 54, 'Salazar', 'Región Centro Oriente'),
	(811, 18, 54, 54, 'San Calixto', 'Región Centro Oriente'),
	(812, 18, 54, 54, 'San Cayetano', 'Región Centro Oriente'),
	(813, 18, 54, 54, 'Santiago', 'Región Centro Oriente'),
	(814, 18, 54, 54, 'Sardinata', 'Región Centro Oriente'),
	(815, 18, 54, 54, 'Silos', 'Región Centro Oriente'),
	(816, 18, 54, 54, 'Teorama', 'Región Centro Oriente'),
	(817, 18, 54, 54, 'Tibú', 'Región Centro Oriente'),
	(818, 18, 54, 54, 'Toledo', 'Región Centro Oriente'),
	(819, 18, 54, 54, 'Villa Caro', 'Región Centro Oriente'),
	(820, 18, 54, 54, 'Villa del Rosario', 'Región Centro Oriente'),
	(821, 19, 63, 63, 'Armenia', 'Región Eje Cafetero - Antioquia'),
	(822, 19, 63, 63, 'Buenavista', 'Región Eje Cafetero - Antioquia'),
	(823, 19, 63, 63, 'Calarcá', 'Región Eje Cafetero - Antioquia'),
	(824, 19, 63, 63, 'Circasia', 'Región Eje Cafetero - Antioquia'),
	(825, 19, 63, 63, 'Córdoba', 'Región Eje Cafetero - Antioquia'),
	(826, 19, 63, 63, 'Filandia', 'Región Eje Cafetero - Antioquia'),
	(827, 19, 63, 63, 'Génova', 'Región Eje Cafetero - Antioquia'),
	(828, 19, 63, 63, 'La Tebaida', 'Región Eje Cafetero - Antioquia'),
	(829, 19, 63, 63, 'Montenegro', 'Región Eje Cafetero - Antioquia'),
	(830, 19, 63, 63, 'Pijao', 'Región Eje Cafetero - Antioquia'),
	(831, 19, 63, 63, 'Quimbaya', 'Región Eje Cafetero - Antioquia'),
	(832, 19, 63, 63, 'Salento', 'Región Eje Cafetero - Antioquia'),
	(833, 20, 66, 66, 'Apía', 'Región Eje Cafetero - Antioquia'),
	(834, 20, 66, 66, 'Balboa', 'Región Eje Cafetero - Antioquia'),
	(835, 20, 66, 66, 'Belén de Umbría', 'Región Eje Cafetero - Antioquia'),
	(836, 20, 66, 66, 'Dosquebradas', 'Región Eje Cafetero - Antioquia'),
	(837, 20, 66, 66, 'Guática', 'Región Eje Cafetero - Antioquia'),
	(838, 20, 66, 66, 'La Celia', 'Región Eje Cafetero - Antioquia'),
	(839, 20, 66, 66, 'La Virginia', 'Región Eje Cafetero - Antioquia'),
	(840, 20, 66, 66, 'Marsella', 'Región Eje Cafetero - Antioquia'),
	(841, 20, 66, 66, 'Mistrató', 'Región Eje Cafetero - Antioquia'),
	(842, 20, 66, 66, 'Pereira', 'Región Eje Cafetero - Antioquia'),
	(843, 20, 66, 66, 'Pueblo Rico', 'Región Eje Cafetero - Antioquia'),
	(844, 20, 66, 66, 'Quinchía', 'Región Eje Cafetero - Antioquia'),
	(845, 20, 66, 66, 'Santa Rosa de Cabal', 'Región Eje Cafetero - Antioquia'),
	(846, 20, 66, 66, 'Santuario', 'Región Eje Cafetero - Antioquia'),
	(847, 21, 68, 68, 'Aguada', 'Región Centro Oriente'),
	(848, 21, 68, 68, 'Albania', 'Región Centro Oriente'),
	(849, 21, 68, 68, 'Aratoca', 'Región Centro Oriente'),
	(850, 21, 68, 68, 'Barbosa', 'Región Centro Oriente'),
	(851, 21, 68, 68, 'Barichara', 'Región Centro Oriente'),
	(852, 21, 68, 68, 'Barrancabermeja', 'Región Centro Oriente'),
	(853, 21, 68, 68, 'Betulia', 'Región Centro Oriente'),
	(854, 21, 68, 68, 'Bolívar', 'Región Centro Oriente'),
	(855, 21, 68, 68, 'Bucaramanga', 'Región Centro Oriente'),
	(856, 21, 68, 68, 'Cabrera', 'Región Centro Oriente'),
	(857, 21, 68, 68, 'California', 'Región Centro Oriente'),
	(858, 21, 68, 68, 'Capitanejo', 'Región Centro Oriente'),
	(859, 21, 68, 68, 'Carcasí', 'Región Centro Oriente'),
	(860, 21, 68, 68, 'Cepitá', 'Región Centro Oriente'),
	(861, 21, 68, 68, 'Cerrito', 'Región Centro Oriente'),
	(862, 21, 68, 68, 'Charalá', 'Región Centro Oriente'),
	(863, 21, 68, 68, 'Charta', 'Región Centro Oriente'),
	(864, 21, 68, 68, 'Chimá', 'Región Centro Oriente'),
	(865, 21, 68, 68, 'Chipatá', 'Región Centro Oriente'),
	(866, 21, 68, 68, 'Cimitarra', 'Región Centro Oriente'),
	(867, 21, 68, 68, 'Concepción', 'Región Centro Oriente'),
	(868, 21, 68, 68, 'Confines', 'Región Centro Oriente'),
	(869, 21, 68, 68, 'Contratación', 'Región Centro Oriente'),
	(870, 21, 68, 68, 'Coromoro', 'Región Centro Oriente'),
	(871, 21, 68, 68, 'Curití', 'Región Centro Oriente'),
	(872, 21, 68, 68, 'El Carmen de Chucurí', 'Región Centro Oriente'),
	(873, 21, 68, 68, 'El Guacamayo', 'Región Centro Oriente'),
	(874, 21, 68, 68, 'El Peñón', 'Región Centro Oriente'),
	(875, 21, 68, 68, 'El Playón', 'Región Centro Oriente'),
	(876, 21, 68, 68, 'Encino', 'Región Centro Oriente'),
	(877, 21, 68, 68, 'Enciso', 'Región Centro Oriente'),
	(878, 21, 68, 68, 'Florián', 'Región Centro Oriente'),
	(879, 21, 68, 68, 'Floridablanca', 'Región Centro Oriente'),
	(880, 21, 68, 68, 'Galán', 'Región Centro Oriente'),
	(881, 21, 68, 68, 'Gambita', 'Región Centro Oriente'),
	(882, 21, 68, 68, 'Girón', 'Región Centro Oriente'),
	(883, 21, 68, 68, 'Guaca', 'Región Centro Oriente'),
	(884, 21, 68, 68, 'Guadalupe', 'Región Centro Oriente'),
	(885, 21, 68, 68, 'Guapotá', 'Región Centro Oriente'),
	(886, 21, 68, 68, 'Guavatá', 'Región Centro Oriente'),
	(887, 21, 68, 68, 'Güepsa', 'Región Centro Oriente'),
	(888, 21, 68, 68, 'Hato', 'Región Centro Oriente'),
	(889, 21, 68, 68, 'Jesús María', 'Región Centro Oriente'),
	(890, 21, 68, 68, 'Jordán', 'Región Centro Oriente'),
	(891, 21, 68, 68, 'La Belleza', 'Región Centro Oriente'),
	(892, 21, 68, 68, 'La Paz', 'Región Centro Oriente'),
	(893, 21, 68, 68, 'Landázuri', 'Región Centro Oriente'),
	(894, 21, 68, 68, 'Lebríja', 'Región Centro Oriente'),
	(895, 21, 68, 68, 'Los Santos', 'Región Centro Oriente'),
	(896, 21, 68, 68, 'Macaravita', 'Región Centro Oriente'),
	(897, 21, 68, 68, 'Málaga', 'Región Centro Oriente'),
	(898, 21, 68, 68, 'Matanza', 'Región Centro Oriente'),
	(899, 21, 68, 68, 'Mogotes', 'Región Centro Oriente'),
	(900, 21, 68, 68, 'Molagavita', 'Región Centro Oriente'),
	(901, 21, 68, 68, 'Ocamonte', 'Región Centro Oriente'),
	(902, 21, 68, 68, 'Oiba', 'Región Centro Oriente'),
	(903, 21, 68, 68, 'Onzaga', 'Región Centro Oriente'),
	(904, 21, 68, 68, 'Palmar', 'Región Centro Oriente'),
	(905, 21, 68, 68, 'Palmas del Socorro', 'Región Centro Oriente'),
	(906, 21, 68, 68, 'Páramo', 'Región Centro Oriente'),
	(907, 21, 68, 68, 'Piedecuesta', 'Región Centro Oriente'),
	(908, 21, 68, 68, 'Pinchote', 'Región Centro Oriente'),
	(909, 21, 68, 68, 'Puente Nacional', 'Región Centro Oriente'),
	(910, 21, 68, 68, 'Puerto Parra', 'Región Centro Oriente'),
	(911, 21, 68, 68, 'Puerto Wilches', 'Región Centro Oriente'),
	(912, 21, 68, 68, 'Rionegro', 'Región Centro Oriente'),
	(913, 21, 68, 68, 'Sabana de Torres', 'Región Centro Oriente'),
	(914, 21, 68, 68, 'San Andrés', 'Región Centro Oriente'),
	(915, 21, 68, 68, 'San Benito', 'Región Centro Oriente'),
	(916, 21, 68, 68, 'San Gil', 'Región Centro Oriente'),
	(917, 21, 68, 68, 'San Joaquín', 'Región Centro Oriente'),
	(918, 21, 68, 68, 'San José de Miranda', 'Región Centro Oriente'),
	(919, 21, 68, 68, 'San Miguel', 'Región Centro Oriente'),
	(920, 21, 68, 68, 'San Vicente de Chucurí', 'Región Centro Oriente'),
	(921, 21, 68, 68, 'Santa Bárbara', 'Región Centro Oriente'),
	(922, 21, 68, 68, 'Santa Helena del Opón', 'Región Centro Oriente'),
	(923, 21, 68, 68, 'Simacota', 'Región Centro Oriente'),
	(924, 21, 68, 68, 'Socorro', 'Región Centro Oriente'),
	(925, 21, 68, 68, 'Suaita', 'Región Centro Oriente'),
	(926, 21, 68, 68, 'Sucre', 'Región Centro Oriente'),
	(927, 21, 68, 68, 'Suratá', 'Región Centro Oriente'),
	(928, 21, 68, 68, 'Tona', 'Región Centro Oriente'),
	(929, 21, 68, 68, 'Valle de San José', 'Región Centro Oriente'),
	(930, 21, 68, 68, 'Vélez', 'Región Centro Oriente'),
	(931, 21, 68, 68, 'Vetas', 'Región Centro Oriente'),
	(932, 21, 68, 68, 'Villanueva', 'Región Centro Oriente'),
	(933, 21, 68, 68, 'Zapatoca', 'Región Centro Oriente'),
	(934, 22, 70, 70, 'Buenavista', 'Región Caribe'),
	(935, 22, 70, 70, 'Caimito', 'Región Caribe'),
	(936, 22, 70, 70, 'Chalán', 'Región Caribe'),
	(937, 22, 70, 70, 'Coloso', 'Región Caribe'),
	(938, 22, 70, 70, 'Corozal', 'Región Caribe'),
	(939, 22, 70, 70, 'Coveñas', 'Región Caribe'),
	(940, 22, 70, 70, 'El Roble', 'Región Caribe'),
	(941, 22, 70, 70, 'Galeras', 'Región Caribe'),
	(942, 22, 70, 70, 'Guaranda', 'Región Caribe'),
	(943, 22, 70, 70, 'La Unión', 'Región Caribe'),
	(944, 22, 70, 70, 'Los Palmitos', 'Región Caribe'),
	(945, 22, 70, 70, 'Majagual', 'Región Caribe'),
	(946, 22, 70, 70, 'Morroa', 'Región Caribe'),
	(947, 22, 70, 70, 'Ovejas', 'Región Caribe'),
	(948, 22, 70, 70, 'Palmito', 'Región Caribe'),
	(949, 22, 70, 70, 'Sampués', 'Región Caribe'),
	(950, 22, 70, 70, 'San Benito Abad', 'Región Caribe'),
	(951, 22, 70, 70, 'San Juan de Betulia', 'Región Caribe'),
	(952, 22, 70, 70, 'San Luis de Sincé', 'Región Caribe'),
	(953, 22, 70, 70, 'San Marcos', 'Región Caribe'),
	(954, 22, 70, 70, 'San Onofre', 'Región Caribe'),
	(955, 22, 70, 70, 'San Pedro', 'Región Caribe'),
	(956, 22, 70, 70, 'Santiago de Tolú', 'Región Caribe'),
	(957, 22, 70, 70, 'Sincelejo', 'Región Caribe'),
	(958, 22, 70, 70, 'Sucre', 'Región Caribe'),
	(959, 22, 70, 70, 'Tolú Viejo', 'Región Caribe'),
	(960, 23, 73, 73, 'Alpujarra', 'Región Centro Sur'),
	(961, 23, 73, 73, 'Alvarado', 'Región Centro Sur'),
	(962, 23, 73, 73, 'Ambalema', 'Región Centro Sur'),
	(963, 23, 73, 73, 'Anzoátegui', 'Región Centro Sur'),
	(964, 23, 73, 73, 'Armero', 'Región Centro Sur'),
	(965, 23, 73, 73, 'Ataco', 'Región Centro Sur'),
	(966, 23, 73, 73, 'Cajamarca', 'Región Centro Sur'),
	(967, 23, 73, 73, 'Carmen de Apicala', 'Región Centro Sur'),
	(968, 23, 73, 73, 'Casabianca', 'Región Centro Sur'),
	(969, 23, 73, 73, 'Chaparral', 'Región Centro Sur'),
	(970, 23, 73, 73, 'Coello', 'Región Centro Sur'),
	(971, 23, 73, 73, 'Coyaima', 'Región Centro Sur'),
	(972, 23, 73, 73, 'Cunday', 'Región Centro Sur'),
	(973, 23, 73, 73, 'Dolores', 'Región Centro Sur'),
	(974, 23, 73, 73, 'Espinal', 'Región Centro Sur'),
	(975, 23, 73, 73, 'Falan', 'Región Centro Sur'),
	(976, 23, 73, 73, 'Flandes', 'Región Centro Sur'),
	(977, 23, 73, 73, 'Fresno', 'Región Centro Sur'),
	(978, 23, 73, 73, 'Guamo', 'Región Centro Sur'),
	(979, 23, 73, 73, 'Herveo', 'Región Centro Sur'),
	(980, 23, 73, 73, 'Honda', 'Región Centro Sur'),
	(981, 23, 73, 73, 'Ibagué', 'Región Centro Sur'),
	(982, 23, 73, 73, 'Icononzo', 'Región Centro Sur'),
	(983, 23, 73, 73, 'Lérida', 'Región Centro Sur'),
	(984, 23, 73, 73, 'Líbano', 'Región Centro Sur'),
	(985, 23, 73, 73, 'Mariquita', 'Región Centro Sur'),
	(986, 23, 73, 73, 'Melgar', 'Región Centro Sur'),
	(987, 23, 73, 73, 'Murillo', 'Región Centro Sur'),
	(988, 23, 73, 73, 'Natagaima', 'Región Centro Sur'),
	(989, 23, 73, 73, 'Ortega', 'Región Centro Sur'),
	(990, 23, 73, 73, 'Palocabildo', 'Región Centro Sur'),
	(991, 23, 73, 73, 'Piedras', 'Región Centro Sur'),
	(992, 23, 73, 73, 'Planadas', 'Región Centro Sur'),
	(993, 23, 73, 73, 'Prado', 'Región Centro Sur'),
	(994, 23, 73, 73, 'Purificación', 'Región Centro Sur'),
	(995, 23, 73, 73, 'Rio Blanco', 'Región Centro Sur'),
	(996, 23, 73, 73, 'Roncesvalles', 'Región Centro Sur'),
	(997, 23, 73, 73, 'Rovira', 'Región Centro Sur'),
	(998, 23, 73, 73, 'Saldaña', 'Región Centro Sur'),
	(999, 23, 73, 73, 'San Antonio', 'Región Centro Sur'),
	(1000, 23, 73, 73, 'San Luis', 'Región Centro Sur'),
	(1001, 23, 73, 73, 'Santa Isabel', 'Región Centro Sur'),
	(1002, 23, 73, 73, 'Suárez', 'Región Centro Sur'),
	(1003, 23, 73, 73, 'Valle de San Juan', 'Región Centro Sur'),
	(1004, 23, 73, 73, 'Venadillo', 'Región Centro Sur'),
	(1005, 23, 73, 73, 'Villahermosa', 'Región Centro Sur'),
	(1006, 23, 73, 73, 'Villarrica', 'Región Centro Sur'),
	(1007, 24, 76, 76, 'Alcalá', 'Región Pacífico'),
	(1008, 24, 76, 76, 'Andalucía', 'Región Pacífico'),
	(1009, 24, 76, 76, 'Ansermanuevo', 'Región Pacífico'),
	(1010, 24, 76, 76, 'Argelia', 'Región Pacífico'),
	(1011, 24, 76, 76, 'Bolívar', 'Región Pacífico'),
	(1012, 24, 76, 76, 'Buenaventura', 'Región Pacífico'),
	(1013, 24, 76, 76, 'Bugalagrande', 'Región Pacífico'),
	(1014, 24, 76, 76, 'Caicedonia', 'Región Pacífico'),
	(1015, 24, 76, 76, 'Cali', 'Región Pacífico'),
	(1016, 24, 76, 76, 'Calima', 'Región Pacífico'),
	(1017, 24, 76, 76, 'Candelaria', 'Región Pacífico'),
	(1018, 24, 76, 76, 'Cartago', 'Región Pacífico'),
	(1019, 24, 76, 76, 'Dagua', 'Región Pacífico'),
	(1020, 24, 76, 76, 'El Águila', 'Región Pacífico'),
	(1021, 24, 76, 76, 'El Cairo', 'Región Pacífico'),
	(1022, 24, 76, 76, 'El Cerrito', 'Región Pacífico'),
	(1023, 24, 76, 76, 'El Dovio', 'Región Pacífico'),
	(1024, 24, 76, 76, 'Florida', 'Región Pacífico'),
	(1025, 24, 76, 76, 'Ginebra', 'Región Pacífico'),
	(1026, 24, 76, 76, 'Guacarí', 'Región Pacífico'),
	(1027, 24, 76, 76, 'Guadalajara de Buga', 'Región Pacífico'),
	(1028, 24, 76, 76, 'Jamundí', 'Región Pacífico'),
	(1029, 24, 76, 76, 'La Cumbre', 'Región Pacífico'),
	(1030, 24, 76, 76, 'La Unión', 'Región Pacífico'),
	(1031, 24, 76, 76, 'La Victoria', 'Región Pacífico'),
	(1032, 24, 76, 76, 'Obando', 'Región Pacífico'),
	(1033, 24, 76, 76, 'Palmira', 'Región Pacífico'),
	(1034, 24, 76, 76, 'Pradera', 'Región Pacífico'),
	(1035, 24, 76, 76, 'Restrepo', 'Región Pacífico'),
	(1036, 24, 76, 76, 'Riofrío', 'Región Pacífico'),
	(1037, 24, 76, 76, 'Roldanillo', 'Región Pacífico'),
	(1038, 24, 76, 76, 'San Pedro', 'Región Pacífico'),
	(1039, 24, 76, 76, 'Sevilla', 'Región Pacífico'),
	(1040, 24, 76, 76, 'Toro', 'Región Pacífico'),
	(1041, 24, 76, 76, 'Trujillo', 'Región Pacífico'),
	(1042, 24, 76, 76, 'Tuluá', 'Región Pacífico'),
	(1043, 24, 76, 76, 'Ulloa', 'Región Pacífico'),
	(1044, 24, 76, 76, 'Versalles', 'Región Pacífico'),
	(1045, 24, 76, 76, 'Vijes', 'Región Pacífico'),
	(1046, 24, 76, 76, 'Yotoco', 'Región Pacífico'),
	(1047, 24, 76, 76, 'Yumbo', 'Región Pacífico'),
	(1048, 24, 76, 76, 'Zarzal', 'Región Pacífico'),
	(1049, 25, 81, 81, 'Arauca', 'Región Llano'),
	(1050, 25, 81, 81, 'Arauquita', 'Región Llano'),
	(1051, 25, 81, 81, 'Cravo Norte', 'Región Llano'),
	(1052, 25, 81, 81, 'Fortul', 'Región Llano'),
	(1053, 25, 81, 81, 'Puerto Rondón', 'Región Llano'),
	(1054, 25, 81, 81, 'Saravena', 'Región Llano'),
	(1055, 25, 81, 81, 'Tame', 'Región Llano'),
	(1056, 26, 85, 85, 'Aguazul', 'Región Llano'),
	(1057, 26, 85, 85, 'Chámeza', 'Región Llano'),
	(1058, 26, 85, 85, 'Hato Corozal', 'Región Llano'),
	(1059, 26, 85, 85, 'La Salina', 'Región Llano'),
	(1060, 26, 85, 85, 'Maní', 'Región Llano'),
	(1061, 26, 85, 85, 'Monterrey', 'Región Llano'),
	(1062, 26, 85, 85, 'Nunchía', 'Región Llano'),
	(1063, 26, 85, 85, 'Orocué', 'Región Llano'),
	(1064, 26, 85, 85, 'Paz de Ariporo', 'Región Llano'),
	(1065, 26, 85, 85, 'Pore', 'Región Llano'),
	(1066, 26, 85, 85, 'Recetor', 'Región Llano'),
	(1067, 26, 85, 85, 'Sabanalarga', 'Región Llano'),
	(1068, 26, 85, 85, 'Sácama', 'Región Llano'),
	(1069, 26, 85, 85, 'San Luis de Gaceno', 'Región Llano'),
	(1070, 26, 85, 85, 'Támara', 'Región Llano'),
	(1071, 26, 85, 85, 'Tauramena', 'Región Llano'),
	(1072, 26, 85, 85, 'Trinidad', 'Región Llano'),
	(1073, 26, 85, 85, 'Villanueva', 'Región Llano'),
	(1074, 26, 85, 85, 'Yopal', 'Región Llano'),
	(1075, 27, 86, 86, 'Colón', 'Región Centro Sur'),
	(1076, 27, 86, 86, 'Leguízamo', 'Región Centro Sur'),
	(1077, 27, 86, 86, 'Mocoa', 'Región Centro Sur'),
	(1078, 27, 86, 86, 'Orito', 'Región Centro Sur'),
	(1079, 27, 86, 86, 'Puerto Asís', 'Región Centro Sur'),
	(1080, 27, 86, 86, 'Puerto Caicedo', 'Región Centro Sur'),
	(1081, 27, 86, 86, 'Puerto Guzmán', 'Región Centro Sur'),
	(1082, 27, 86, 86, 'San Francisco', 'Región Centro Sur'),
	(1083, 27, 86, 86, 'San Miguel', 'Región Centro Sur'),
	(1084, 27, 86, 86, 'Santiago', 'Región Centro Sur'),
	(1085, 27, 86, 86, 'Sibundoy', 'Región Centro Sur'),
	(1086, 27, 86, 86, 'Valle de Guamez', 'Región Centro Sur'),
	(1087, 27, 86, 86, 'Villagarzón', 'Región Centro Sur'),
	(1088, 28, 88, 88, 'Providencia', 'Región Caribe'),
	(1089, 28, 88, 88, 'San Andrés', 'Región Caribe'),
	(1090, 29, 91, 91, 'El Encanto', 'Región Centro Sur'),
	(1091, 29, 91, 91, 'La Chorrera', 'Región Centro Sur'),
	(1092, 29, 91, 91, 'La Pedrera', 'Región Centro Sur'),
	(1093, 29, 91, 91, 'La Victoria', 'Región Centro Sur'),
	(1094, 29, 91, 91, 'Leticia', 'Región Centro Sur'),
	(1095, 29, 91, 91, 'Miriti Paraná', 'Región Centro Sur'),
	(1096, 29, 91, 91, 'Puerto Alegría', 'Región Centro Sur'),
	(1097, 29, 91, 91, 'Puerto Arica', 'Región Centro Sur'),
	(1098, 29, 91, 91, 'Puerto Nariño', 'Región Centro Sur'),
	(1099, 29, 91, 91, 'Puerto Santander', 'Región Centro Sur'),
	(1100, 29, 91, 91, 'Tarapacá', 'Región Centro Sur'),
	(1101, 30, 94, 94, 'Barranco Minas', 'Región Llano'),
	(1102, 30, 94, 94, 'Cacahual', 'Región Llano'),
	(1103, 30, 94, 94, 'Inírida', 'Región Llano'),
	(1104, 30, 94, 94, 'La Guadalupe', 'Región Llano'),
	(1105, 30, 94, 94, 'Mapiripana', 'Región Llano'),
	(1106, 30, 94, 94, 'Morichal', 'Región Llano'),
	(1107, 30, 94, 94, 'Pana Pana', 'Región Llano'),
	(1108, 30, 94, 94, 'Puerto Colombia', 'Región Llano'),
	(1109, 30, 94, 94, 'San Felipe', 'Región Llano'),
	(1110, 31, 95, 95, 'Calamar', 'Región Llano'),
	(1111, 31, 95, 95, 'El Retorno', 'Región Llano'),
	(1112, 31, 95, 95, 'Miraflores', 'Región Llano'),
	(1113, 31, 95, 95, 'San José del Guaviare', 'Región Llano'),
	(1114, 32, 97, 97, 'Caruru', 'Región Llano'),
	(1115, 32, 97, 97, 'Mitú', 'Región Llano'),
	(1116, 32, 97, 97, 'Pacoa', 'Región Llano'),
	(1117, 32, 97, 97, 'Papunaua', 'Región Llano'),
	(1118, 32, 97, 97, 'Taraira', 'Región Llano'),
	(1119, 32, 97, 97, 'Yavaraté', 'Región Llano'),
	(1120, 33, 99, 99, 'Cumaribo', 'Región Llano'),
	(1121, 33, 99, 99, 'La Primavera', 'Región Llano'),
	(1122, 33, 99, 99, 'Puerto Carreño', 'Región Llano'),
	(1123, 33, 99, 99, 'Santa Rosalía', 'Región Llano');
/*!40000 ALTER TABLE `municipios` ENABLE KEYS */;

-- Volcando estructura para tabla prueba.password_resets
CREATE TABLE IF NOT EXISTS `password_resets` (
  `email` varchar(191) COLLATE utf8mb4_unicode_ci NOT NULL,
  `token` varchar(191) COLLATE utf8mb4_unicode_ci NOT NULL,
  `created_at` timestamp NULL DEFAULT NULL,
  KEY `password_resets_email_index` (`email`)
) ENGINE=InnoDB DEFAULT CHARSET=utf8mb4 COLLATE=utf8mb4_unicode_ci;

-- Volcando datos para la tabla prueba.password_resets: ~0 rows (aproximadamente)
DELETE FROM `password_resets`;
/*!40000 ALTER TABLE `password_resets` DISABLE KEYS */;
/*!40000 ALTER TABLE `password_resets` ENABLE KEYS */;

-- Volcando estructura para tabla prueba.productos
CREATE TABLE IF NOT EXISTS `productos` (
  `id` bigint(20) unsigned NOT NULL AUTO_INCREMENT,
  `nombre` varchar(191) COLLATE utf8mb4_unicode_ci NOT NULL,
  `descripcion` varchar(191) COLLATE utf8mb4_unicode_ci DEFAULT NULL,
  `cantidad` int(11) NOT NULL,
  `precio` int(11) NOT NULL,
  `codigo` int(11) NOT NULL,
  `fecha_garantia` timestamp NOT NULL DEFAULT current_timestamp() ON UPDATE current_timestamp(),
  `id_bodega` bigint(20) unsigned NOT NULL,
  `id_empresa` bigint(20) unsigned NOT NULL,
  `created_at` timestamp NOT NULL DEFAULT current_timestamp(),
  `updated_at` timestamp NOT NULL DEFAULT current_timestamp(),
  PRIMARY KEY (`id`),
  KEY `productos_id_bodega_foreign` (`id_bodega`),
  KEY `productos_id_empresa_foreign` (`id_empresa`),
  CONSTRAINT `productos_id_bodega_foreign` FOREIGN KEY (`id_bodega`) REFERENCES `bodegas` (`id`),
  CONSTRAINT `productos_id_empresa_foreign` FOREIGN KEY (`id_empresa`) REFERENCES `empresas` (`id`)
) ENGINE=InnoDB DEFAULT CHARSET=utf8mb4 COLLATE=utf8mb4_unicode_ci;

-- Volcando datos para la tabla prueba.productos: ~0 rows (aproximadamente)
DELETE FROM `productos`;
/*!40000 ALTER TABLE `productos` DISABLE KEYS */;
/*!40000 ALTER TABLE `productos` ENABLE KEYS */;

-- Volcando estructura para tabla prueba.proveedores
CREATE TABLE IF NOT EXISTS `proveedores` (
  `id` bigint(20) unsigned NOT NULL AUTO_INCREMENT,
  `nombre` varchar(191) COLLATE utf8mb4_unicode_ci NOT NULL,
  `telefono` int(11) DEFAULT NULL,
  `correo` varchar(191) COLLATE utf8mb4_unicode_ci DEFAULT NULL,
  `direccion` varchar(191) COLLATE utf8mb4_unicode_ci DEFAULT NULL,
  `id_empresa` bigint(20) unsigned NOT NULL,
  `created_at` timestamp NULL DEFAULT NULL,
  `updated_at` timestamp NULL DEFAULT NULL,
  PRIMARY KEY (`id`),
  KEY `proveedores_id_empresa_foreign` (`id_empresa`),
  CONSTRAINT `proveedores_id_empresa_foreign` FOREIGN KEY (`id_empresa`) REFERENCES `empresas` (`id`)
) ENGINE=InnoDB DEFAULT CHARSET=utf8mb4 COLLATE=utf8mb4_unicode_ci;

-- Volcando datos para la tabla prueba.proveedores: ~0 rows (aproximadamente)
DELETE FROM `proveedores`;
/*!40000 ALTER TABLE `proveedores` DISABLE KEYS */;
/*!40000 ALTER TABLE `proveedores` ENABLE KEYS */;

-- Volcando estructura para tabla prueba.roles
CREATE TABLE IF NOT EXISTS `roles` (
  `id` bigint(20) unsigned NOT NULL AUTO_INCREMENT,
  `rol` varchar(191) COLLATE utf8mb4_unicode_ci NOT NULL,
  `created_at` timestamp NULL DEFAULT NULL,
  `updated_at` timestamp NULL DEFAULT NULL,
  PRIMARY KEY (`id`)
) ENGINE=InnoDB DEFAULT CHARSET=utf8mb4 COLLATE=utf8mb4_unicode_ci;

-- Volcando datos para la tabla prueba.roles: ~0 rows (aproximadamente)
DELETE FROM `roles`;
/*!40000 ALTER TABLE `roles` DISABLE KEYS */;
/*!40000 ALTER TABLE `roles` ENABLE KEYS */;

-- Volcando estructura para tabla prueba.solicitar
CREATE TABLE IF NOT EXISTS `solicitar` (
  `id` bigint(20) unsigned NOT NULL AUTO_INCREMENT,
  `id_producto` int(11) NOT NULL,
  `cantidad_producto` int(11) NOT NULL,
  `codigo_bodega` int(11) NOT NULL,
  `id_usuario` int(11) NOT NULL,
  `id_proveedor` int(11) NOT NULL,
  `id_empresa` int(11) NOT NULL,
  `created_at` timestamp NULL DEFAULT NULL,
  `updated_at` timestamp NULL DEFAULT NULL,
  PRIMARY KEY (`id`)
) ENGINE=InnoDB DEFAULT CHARSET=utf8mb4 COLLATE=utf8mb4_unicode_ci;

-- Volcando datos para la tabla prueba.solicitar: ~0 rows (aproximadamente)
DELETE FROM `solicitar`;
/*!40000 ALTER TABLE `solicitar` DISABLE KEYS */;
/*!40000 ALTER TABLE `solicitar` ENABLE KEYS */;

-- Volcando estructura para tabla prueba.sucursales
CREATE TABLE IF NOT EXISTS `sucursales` (
  `id` bigint(20) unsigned NOT NULL AUTO_INCREMENT,
  `nit` int(11) NOT NULL,
  `nombre_sucursal` varchar(191) COLLATE utf8mb4_unicode_ci NOT NULL,
  `direccion` varchar(191) COLLATE utf8mb4_unicode_ci NOT NULL,
  `barrio` varchar(191) COLLATE utf8mb4_unicode_ci DEFAULT NULL,
  `telefono` int(11) DEFAULT NULL,
  `id_empresas` bigint(20) unsigned NOT NULL,
  `id_municipio` bigint(20) unsigned NOT NULL,
  `id_departamento` bigint(20) unsigned NOT NULL,
  `created_at` timestamp NULL DEFAULT NULL,
  `updated_at` timestamp NULL DEFAULT NULL,
  PRIMARY KEY (`id`),
  KEY `sucursales_id_empresas_foreign` (`id_empresas`),
  KEY `sucursales_id_municipio_foreign` (`id_municipio`),
  KEY `sucursales_id_departamento_foreign` (`id_departamento`),
  CONSTRAINT `sucursales_id_empresas_foreign` FOREIGN KEY (`id_empresas`) REFERENCES `empresas` (`id`)
) ENGINE=InnoDB DEFAULT CHARSET=utf8mb4 COLLATE=utf8mb4_unicode_ci;

-- Volcando datos para la tabla prueba.sucursales: ~0 rows (aproximadamente)
DELETE FROM `sucursales`;
/*!40000 ALTER TABLE `sucursales` DISABLE KEYS */;
/*!40000 ALTER TABLE `sucursales` ENABLE KEYS */;

-- Volcando estructura para tabla prueba.users
CREATE TABLE IF NOT EXISTS `users` (
  `id` bigint(20) unsigned NOT NULL AUTO_INCREMENT,
  `name` varchar(191) COLLATE utf8mb4_unicode_ci NOT NULL,
  `email` varchar(191) COLLATE utf8mb4_unicode_ci NOT NULL,
  `email_verified_at` timestamp NULL DEFAULT NULL,
  `password` varchar(191) COLLATE utf8mb4_unicode_ci NOT NULL,
  `direccion` varchar(191) COLLATE utf8mb4_unicode_ci DEFAULT NULL,
  `telefono` int(11) DEFAULT NULL,
  `role_id` bigint(20) unsigned DEFAULT NULL,
  `id_empresa` bigint(20) unsigned DEFAULT NULL,
  `created_at` timestamp NULL DEFAULT NULL,
  `updated_at` timestamp NULL DEFAULT NULL,
  PRIMARY KEY (`id`),
  UNIQUE KEY `users_email_unique` (`email`),
  KEY `users_role_id_foreign` (`role_id`),
  KEY `users_id_empresa_foreign` (`id_empresa`),
  CONSTRAINT `users_id_empresa_foreign` FOREIGN KEY (`id_empresa`) REFERENCES `empresas` (`id`),
  CONSTRAINT `users_role_id_foreign` FOREIGN KEY (`role_id`) REFERENCES `roles` (`id`)
) ENGINE=InnoDB DEFAULT CHARSET=utf8mb4 COLLATE=utf8mb4_unicode_ci;

-- Volcando datos para la tabla prueba.users: ~0 rows (aproximadamente)
DELETE FROM `users`;
/*!40000 ALTER TABLE `users` DISABLE KEYS */;
/*!40000 ALTER TABLE `users` ENABLE KEYS */;

-- Volcando estructura para tabla prueba.usuarios
CREATE TABLE IF NOT EXISTS `usuarios` (
  `id` bigint(20) unsigned NOT NULL AUTO_INCREMENT,
  `created_at` timestamp NULL DEFAULT NULL,
  `updated_at` timestamp NULL DEFAULT NULL,
  PRIMARY KEY (`id`)
) ENGINE=InnoDB DEFAULT CHARSET=utf8mb4 COLLATE=utf8mb4_unicode_ci;

-- Volcando datos para la tabla prueba.usuarios: ~0 rows (aproximadamente)
DELETE FROM `usuarios`;
/*!40000 ALTER TABLE `usuarios` DISABLE KEYS */;
/*!40000 ALTER TABLE `usuarios` ENABLE KEYS */;

-- Volcando estructura para tabla prueba.ventas
CREATE TABLE IF NOT EXISTS `ventas` (
  `id` bigint(20) unsigned NOT NULL AUTO_INCREMENT,
  `estado` varchar(191) COLLATE utf8mb4_unicode_ci NOT NULL,
  `id_productos` varchar(191) COLLATE utf8mb4_unicode_ci NOT NULL,
  `cantidades` varchar(191) COLLATE utf8mb4_unicode_ci NOT NULL,
  `descripcion` varchar(191) COLLATE utf8mb4_unicode_ci NOT NULL,
  `notificar` varchar(191) COLLATE utf8mb4_unicode_ci NOT NULL,
  `precio_total_venta` int(11) NOT NULL,
  `fecha_venta` timestamp NOT NULL DEFAULT current_timestamp() ON UPDATE current_timestamp(),
  `id_empresa` bigint(20) unsigned NOT NULL,
  `created_at` timestamp NULL DEFAULT NULL,
  `updated_at` timestamp NULL DEFAULT NULL,
  PRIMARY KEY (`id`),
  KEY `ventas_id_empresa_foreign` (`id_empresa`),
  CONSTRAINT `ventas_id_empresa_foreign` FOREIGN KEY (`id_empresa`) REFERENCES `empresas` (`id`)
) ENGINE=InnoDB DEFAULT CHARSET=utf8mb4 COLLATE=utf8mb4_unicode_ci;

-- Volcando datos para la tabla prueba.ventas: ~0 rows (aproximadamente)
DELETE FROM `ventas`;
/*!40000 ALTER TABLE `ventas` DISABLE KEYS */;
/*!40000 ALTER TABLE `ventas` ENABLE KEYS */;

/*!40101 SET SQL_MODE=IFNULL(@OLD_SQL_MODE, '') */;
/*!40014 SET FOREIGN_KEY_CHECKS=IF(@OLD_FOREIGN_KEY_CHECKS IS NULL, 1, @OLD_FOREIGN_KEY_CHECKS) */;
/*!40101 SET CHARACTER_SET_CLIENT=@OLD_CHARACTER_SET_CLIENT */;
